{"file": "condition_12", "boxplot_data": {"00": [11.7666666667, 72.2166666667, 238.8166666667, 221.6166666667, 294.3333333333, 69.5666666667, 43.65, 77.6833333333, 49.1666666667, 8.55, 59.9666666667, 60.75, 50.9, 0.0, 0.4666666667], "01": [49.6333333333, 11.7166666667, 30.9166666667, 49.3333333333, 303.7666666667, 26.2, 51.05, 91.0333333333, 18.8166666667, 8.4, 41.2333333333, 50.7833333333, 66.1166666667, 0.0, 0.0], "02": [11.0333333333, 1.15, 5.4666666667, 4.3166666667, 264.9, 13.9, 0.4166666667, 9.0166666667, 13.65, 4.7, 9.2, 14.1166666667, 48.6333333333, 0.0, 0.0], "03": [0.7833333333, 20.4833333333, 24.4833333333, 4.7166666667, 122.9333333333, 4.2333333333, 6.0333333333, 10.1333333333, 3.6, 4.6, 3.7666666667, 4.2166666667, 18.4833333333, 0.0, 0.0], "04": [6.3833333333, 2.3166666667, 3.2, 2.5166666667, 19.8, 6.7166666667, 12.9, 0.8166666667, 22.4833333333, 5.4, 6.5166666667, 4.0833333333, 5.1333333333, 0.0, 0.0], "05": [10.7166666667, 4.6833333333, 3.1166666667, 0.4166666667, 4.7833333333, 2.3833333333, 17.9333333333, 8.65, 5.5333333333, 12.7833333333, 12.3833333333, 28.5333333333, 14.7333333333, 0.0, 0.0], "06": [66.9666666667, 10.4, 7.4166666667, 5.3333333333, 12.2, 8.8166666667, 18.5666666667, 8.75, 9.5333333333, 76.3, 10.6666666667, 23.4666666667, 9.9666666667, 0.0, 0.0], "07": [94.4666666667, 130.6, 86.3833333333, 13.95, 8.4, 104.8166666667, 93.6166666667, 86.1333333333, 84.1666666667, 116.7333333333, 24.7833333333, 4.3833333333, 6.5166666667, 0.0, 0.0], "08": [80.65, 104.5333333333, 58.65, 5.3833333333, 7.6166666667, 89.4333333333, 70.3166666667, 22.25, 84.8, 190.8333333333, 7.5, 12.6333333333, 15.9333333333, 0.0, 0.0], "09": [51.5166666667, 299.3333333333, 8.25, 7.05, 4.3666666667, 254.7833333333, 112.45, 24.3833333333, 95.3833333333, 272.2833333333, 13.1833333333, 7.3166666667, 15.3833333333, 3.7666666667, 4.6333333333], "10": [176.2333333333, 48.7333333333, 1059.3166666667, 191.6666666667, 12.45, 212.15, 393.4, 58.7333333333, 21.2833333333, 165.9333333333, 116.9166666667, 10.5, 69.3, 91.0333333333, 0.0, 0.0], "11": [490.0, 2.6666666667, 652.4, 269.7333333333, 80.95, 170.4666666667, 215.0166666667, 123.7166666667, 7.3166666667, 496.1, 165.6833333333, 60.3666666667, 127.85, 162.5666666667, 1.5166666667, 3.5], "12": [790.6333333333, 188.7, 431.4666666667, 260.3166666667, 244.85, 359.0833333333, 271.6666666667, 67.6333333333, 18.9333333333, 446.25, 246.2833333333, 151.0166666667, 190.4833333333, 327.0, 0.9333333333, 0.0], "13": [492.8, 216.95, 302.3166666667, 399.5333333333, 242.3833333333, 488.0, 480.75, 349.7166666667, 116.3666666667, 588.0166666667, 378.3333333333, 384.0333333333, 560.5333333333, 43.5166666667, 0.8666666667, 2.3166666667], "14": [300.1, 266.6333333333, 433.45, 534.45, 564.2, 479.95, 624.75, 263.6833333333, 194.1666666667, 321.7333333333, 366.0, 460.7666666667, 480.6, 8.1833333333, 12.25, 0.0], "15": [588.3166666667, 246.6, 419.9833333333, 348.4333333333, 443.6, 264.3166666667, 390.6333333333, 271.8666666667, 372.5333333333, 45.2333333333, 228.4833333333, 123.4, 144.6666666667, 476.65, 0.8833333333, 0.0], "16": [179.9833333333, 159.6, 198.3333333333, 298.7666666667, 381.1, 222.0833333333, 499.7166666667, 70.0666666667, 311.3833333333, 18.7166666667, 382.2166666667, 286.0333333333, 254.9166666667, 1.65, 0.0, 0.0], "17": [35.15, 367.0333333333, 214.2833333333, 499.0833333333, 447.2333333333, 74.7333333333, 418.95, 14.3, 252.0333333333, 294.9, 186.8833333333, 308.7833333333, 490.5833333333, 21.1666666667, 98.95, 0.0], "18": [401.9, 82.5166666667, 309.3666666667, 519.35, 281.85, 46.0666666667, 446.7833333333, 253.25, 192.1166666667, 261.0333333333, 73.45, 550.7833333333, 337.8, 0.0, 59.4, 0.0], "19": [254.8333333333, 184.5833333333, 367.0166666667, 210.3333333333, 289.9333333333, 406.5, 381.3333333333, 342.15, 592.3666666667, 266.6166666667, 282.1, 470.4666666667, 48.9666666667, 1.1333333333, 0.0, 3.4285714286], "20": [229.6833333333, 126.1666666667, 295.0666666667, 321.25, 188.4, 29.5166666667, 189.7, 290.7333333333, 206.0833333333, 380.85, 284.5166666667, 350.75, 17.6166666667, 0.0, 0.0], "21": [532.35, 299.5333333333, 449.75, 146.9833333333, 173.55, 42.5833333333, 442.65, 292.6, 286.2833333333, 226.7833333333, 240.0833333333, 118.9166666667, 48.95, 0.0, 0.0], "22": [202.4166666667, 180.0833333333, 150.8166666667, 114.2666666667, 270.05, 224.15, 94.6833333333, 254.1666666667, 123.05, 105.8666666667, 294.5, 180.5666666667, 140.7333333333, 0.0, 19.6166666667], "23": [75.0333333333, 49.35, 240.4666666667, 120.05, 111.1, 121.9833333333, 253.3833333333, 210.4666666667, 82.7333333333, 120.2, 331.4333333333, 83.1666666667, 111.9, 0.0, 184.2166666667]}}