{"file": "condition_8", "boxplot_data": {"00": [23.1, 37.9833333333, 303.6, 95.6333333333, 112.7666666667, 149.45, 393.0, 7.8, 97.25, 179.95, 7.25, 4.0166666667, 1.2], "01": [13.6333333333, 11.1666666667, 696.5333333333, 52.4333333333, 36.4833333333, 3.85, 294.6166666667, 0.0, 11.4166666667, 5.85, 14.2666666667, 3.0, 4.4], "02": [35.5833333333, 7.7666666667, 102.1666666667, 19.65, 19.4, 9.6166666667, 543.95, 51.4333333333, 5.8666666667, 31.6833333333, 32.8333333333, 3.0, 32.6833333333], "03": [16.2333333333, 14.3333333333, 14.7166666667, 11.5666666667, 7.5666666667, 3.5666666667, 234.3333333333, 9.3333333333, 28.9166666667, 4.8666666667, 7.8833333333, 5.6666666667, 8.7666666667], "04": [4.0166666667, 3.75, 17.3833333333, 7.9333333333, 6.8666666667, 7.4333333333, 362.6666666667, 13.4833333333, 4.3833333333, 21.0333333333, 8.25, 3.0, 17.65], "05": [17.1, 41.1, 9.3166666667, 26.6333333333, 12.2833333333, 7.8166666667, 5.2, 25.0333333333, 4.1, 10.6833333333, 7.9166666667, 3.0, 26.3833333333], "06": [30.2, 30.2, 32.1666666667, 10.7166666667, 5.3333333333, 17.5, 4.0833333333, 5.9166666667, 4.0833333333, 21.8, 38.2333333333, 3.3333333333, 7.4], "07": [11.4666666667, 13.0166666667, 7.2833333333, 11.6333333333, 47.8333333333, 36.3833333333, 24.7166666667, 2.3, 10.7833333333, 24.8, 11.8666666667, 5.0, 55.05], "08": [22.3833333333, 28.7833333333, 47.65, 24.2333333333, 23.7166666667, 30.85, 0.8666666667, 13.2666666667, 49.9833333333, 21.6166666667, 29.25, 5.0, 6.8666666667], "09": [53.2166666667, 19.4666666667, 24.0833333333, 40.5333333333, 19.8333333333, 14.7166666667, 10.75, 27.65, 14.5166666667, 303.1166666667, 0.35, 4.3333333333, 35.6666666667], "10": [184.6333333333, 299.5833333333, 76.0, 12.0, 223.3833333333, 234.0833333333, 18.1, 14.55, 28.7666666667, 63.5166666667, 201.7833333333, 0.95, 3.0, 114.2166666667], "11": [285.5833333333, 213.1, 401.4, 114.5, 706.3166666667, 81.0, 282.5166666667, 58.3666666667, 223.8333333333, 501.3166666667, 67.5333333333, 1.1, 3.0, 178.35], "12": [468.8166666667, 110.4, 129.85, 311.7166666667, 264.25, 81.0, 271.1166666667, 343.0333333333, 241.8, 204.95, 199.3, 1.45, 3.0, 192.0333333333], "13": [305.7666666667, 726.7666666667, 341.2, 625.7166666667, 448.6, 81.0, 760.45, 77.8833333333, 293.5666666667, 942.6166666667, 269.35, 1.75, 6.9833333333, 104.4333333333], "14": [221.8666666667, 136.5666666667, 1437.4833333333, 582.25, 786.2333333333, 81.0, 344.8, 58.6333333333, 108.7833333333, 938.3666666667, 217.1, 2.6, 3.35, 9.25], "15": [778.9333333333, 568.8833333333, 836.8833333333, 171.1, 683.7333333333, 81.0, 720.1166666667, 141.6833333333, 494.0, 1041.15, 227.0166666667, 3.0, 3.0, 995.5333333333], "16": [617.2, 532.9166666667, 489.05, 194.0, 1165.7166666667, 81.0, 555.9666666667, 353.0666666667, 595.6833333333, 114.65, 68.4166666667, 3.0, 3.0, 2.2], "17": [401.55, 406.7666666667, 539.3, 193.3333333333, 972.55, 81.0, 736.5, 301.8666666667, 1085.85, 529.3166666667, 199.0666666667, 3.0, 5.4666666667, 3.0], "18": [70.35, 592.2166666667, 296.1666666667, 395.7333333333, 879.8833333333, 81.0, 262.5666666667, 36.8333333333, 492.6166666667, 546.1833333333, 551.4666666667, 3.0, 6.2166666667, 2.8333333333], "19": [219.8166666667, 423.5333333333, 382.8833333333, 70.8166666667, 578.1666666667, 81.0, 180.8166666667, 264.45, 173.8166666667, 366.4166666667, 263.5166666667, 3.5833333333, 164.2333333333, 6.3076923077], "20": [603.65, 323.2833333333, 409.3166666667, 95.3, 292.0, 184.9333333333, 301.6666666667, 168.0, 187.35, 140.8666666667, 331.6166666667, 3.0, 110.4666666667], "21": [130.9, 222.0, 415.3833333333, 305.75, 228.9666666667, 244.8666666667, 2172.95, 168.0, 83.4, 115.2666666667, 97.8166666667, 3.0, 88.65], "22": [116.2166666667, 479.8333333333, 568.9, 130.7333333333, 127.3166666667, 76.8666666667, 575.4666666667, 130.4333333333, 109.85, 164.9833333333, 118.2833333333, 3.0, 113.3166666667], "23": [166.1833333333, 63.0666666667, 254.4666666667, 199.1166666667, 193.45, 175.8666666667, 285.8, 35.5, 89.6833333333, 159.8666666667, 145.95, 3.0, 20.1166666667]}}