{"file": "condition_13", "boxplot_data": {"00": [5.0666666667, 472.1, 477.5666666667, 306.35, 277.3333333333, 65.5166666667, 60.8166666667, 274.2, 188.95, 175.1833333333, 620.15, 15.25, 536.6166666667, 231.0666666667, 633.8166666667, 0.0, 0.0, 0.0], "01": [10.1, 251.2166666667, 142.6666666667, 83.2333333333, 103.4833333333, 296.3166666667, 52.05, 13.8833333333, 53.45, 22.4833333333, 29.1166666667, 14.2333333333, 174.1666666667, 159.6, 65.1833333333, 0.0, 0.0, 0.0], "02": [5.2666666667, 190.2333333333, 28.0666666667, 135.3333333333, 28.15, 181.05, 22.5833333333, 17.5, 8.9666666667, 108.7833333333, 7.8833333333, 2.5333333333, 192.2333333333, 33.2833333333, 8.6833333333, 0.0, 0.0, 0.0], "03": [37.9166666667, 29.4166666667, 4.5833333333, 19.45, 11.7833333333, 32.6333333333, 22.4666666667, 8.6833333333, 16.6666666667, 10.0166666667, 64.6, 28.8, 306.3833333333, 9.1833333333, 8.6, 0.0, 0.0, 0.0], "04": [68.3833333333, 55.5666666667, 13.8, 12.6666666667, 4.35, 16.1166666667, 34.7833333333, 15.8, 14.6666666667, 7.7666666667, 19.6833333333, 2.5833333333, 31.9666666667, 13.05, 16.0666666667, 0.0, 0.0, 0.0], "05": [269.7833333333, 3.7333333333, 9.9833333333, 8.6333333333, 30.3833333333, 15.0, 56.0833333333, 7.4666666667, 8.3333333333, 9.4666666667, 21.2833333333, 15.5166666667, 13.5166666667, 7.9166666667, 15.5833333333, 0.0, 0.0, 0.0], "06": [244.8666666667, 10.4666666667, 8.55, 16.8666666667, 112.3666666667, 20.4166666667, 18.2333333333, 82.1833333333, 131.4833333333, 54.7666666667, 18.0666666667, 5.7333333333, 10.6333333333, 5.05, 236.7833333333, 0.0, 0.0, 0.0], "07": [144.6833333333, 27.5333333333, 40.1, 252.5, 12.2166666667, 18.4666666667, 66.3333333333, 666.8166666667, 304.0666666667, 9.0166666667, 400.7, 25.7833333333, 20.1333333333, 11.3333333333, 286.1333333333, 0.0, 0.0, 76.4666666667], "08": [21.5833333333, 15.8166666667, 313.3333333333, 576.5833333333, 14.2166666667, 102.2333333333, 499.6333333333, 514.5333333333, 131.7, 324.5, 284.1166666667, 306.8, 176.25, 31.1666666667, 226.4, 0.0, 0.0, 36.76], "09": [262.1333333333, 19.6, 302.4333333333, 73.2666666667, 631.2333333333, 21.8166666667, 39.5833333333, 479.0666666667, 659.1666666667, 20.3666666667, 195.25, 417.15, 904.4666666667, 470.3833333333, 425.7333333333, 121.45, 0.6333333333, 0.4], "10": [487.3, 713.7, 589.3166666667, 31.2166666667, 631.6666666667, 573.75, 582.2666666667, 662.95, 617.9333333333, 32.5166666667, 144.4, 328.8, 590.2166666667, 744.5166666667, 662.7833333333, 494.4833333333, 0.0, 0.3666666667], "11": [742.6166666667, 537.9, 408.5666666667, 237.1833333333, 906.4833333333, 125.6166666667, 547.6166666667, 500.3333333333, 182.9333333333, 169.9, 162.3833333333, 283.9, 642.8833333333, 352.2166666667, 463.35, 291.1833333333, 0.4833333333, 0.0], "12": [458.6833333333, 644.3333333333, 532.0666666667, 221.4166666667, 423.8, 312.15, 630.2333333333, 361.6666666667, 304.4333333333, 231.9166666667, 67.75, 374.05, 456.45, 320.95, 685.0333333333, 16.65, 1.8, 0.0], "13": [343.0833333333, 535.9833333333, 350.0166666667, 196.9666666667, 752.15, 774.7166666667, 561.35, 435.8, 593.8, 233.2, 317.5833333333, 217.4, 569.4333333333, 196.3666666667, 438.4166666667, 0.0, 0.1, 0.5166666667], "14": [217.1666666667, 375.0666666667, 106.5333333333, 135.1, 318.8333333333, 523.55, 580.2666666667, 353.8, 645.5666666667, 420.1833333333, 448.9333333333, 79.0166666667, 639.75, 482.5666666667, 328.35, 5.55, 0.5166666667, 0.0], "15": [302.9, 432.2, 313.3666666667, 25.1833333333, 176.9166666667, 299.2, 223.9, 660.8833333333, 508.2666666667, 309.8, 369.5333333333, 130.5833333333, 375.4666666667, 279.55, 121.0166666667, 163.5833333333, 0.05, 0.0], "16": [417.9166666667, 482.2166666667, 406.7, 16.3333333333, 192.0166666667, 295.1333333333, 305.55, 446.8166666667, 586.3, 280.1333333333, 313.4166666667, 163.7166666667, 559.15, 433.2166666667, 503.8833333333, 0.1, 0.0, 0.0], "17": [487.9166666667, 195.6333333333, 399.6833333333, 69.6, 385.4, 149.5, 494.9, 236.2833333333, 661.6166666667, 320.1666666667, 617.6333333333, 323.3166666667, 424.05, 485.0, 899.8833333333, 0.15, 0.0, 0.5166666667], "18": [472.65, 447.2666666667, 319.7333333333, 291.1833333333, 451.55, 400.0666666667, 495.7166666667, 261.7666666667, 408.55, 339.5, 476.4833333333, 304.15, 590.9, 248.9666666667, 271.7166666667, 0.0, 1.0166666667, 0.85], "19": [346.1333333333, 420.7333333333, 325.4833333333, 163.5833333333, 268.1, 518.0666666667, 127.05, 229.9833333333, 220.1, 125.8, 399.7666666667, 538.7666666667, 393.7833333333, 9.2333333333, 530.25, 0.05, 0.2333333333, 0.7666666667], "20": [389.4166666667, 428.8, 190.35, 217.2333333333, 451.0, 285.9833333333, 232.2333333333, 414.7, 250.75, 450.55, 329.3666666667, 405.3333333333, 476.7333333333, 13.0666666667, 322.1333333333, 0.0, 1.1, 0.0], "21": [309.8166666667, 251.15, 193.75, 239.0333333333, 293.2166666667, 113.8166666667, 250.8666666667, 528.5833333333, 347.3666666667, 226.9666666667, 391.6166666667, 233.75, 306.9, 99.5833333333, 255.2, 0.0, 0.4333333333, 0.0], "22": [114.1666666667, 367.2, 417.5, 162.45, 163.8833333333, 136.95, 257.3, 313.1, 226.65, 187.8, 332.3666666667, 295.4166666667, 422.0833333333, 401.4, 163.6, 2.1833333333, 0.0, 1.4166666667], "23": [35.8666666667, 385.9166666667, 268.4666666667, 159.3166666667, 84.0333333333, 329.75, 109.05, 246.6166666667, 149.6166666667, 129.8833333333, 401.4666666667, 122.25, 308.3333333333, 79.4333333333, 433.3333333333, 0.0, 0.0, 0.0]}}