{"file": "condition_18", "boxplot_data": {"00": [89.3666666667, 68.9333333333, 124.0666666667, 120.3333333333, 106.7666666667, 12.35, 88.6833333333, 94.7333333333, 51.6333333333, 21.75, 41.4166666667, 107.2333333333, 66.4833333333, 67.2333333333, 0.0], "01": [94.05, 107.1833333333, 134.9166666667, 95.8166666667, 83.75, 21.85, 88.3, 73.85, 138.95, 107.5666666667, 46.2166666667, 116.4666666667, 105.9, 87.7833333333, 0.0], "02": [82.7833333333, 93.2333333333, 76.3166666667, 87.45, 80.9833333333, 11.5666666667, 57.9666666667, 98.75, 123.5333333333, 68.75, 79.1, 22.45, 112.9, 123.4166666667, 0.0], "03": [22.8333333333, 35.85, 38.3333333333, 106.1333333333, 89.7166666667, 75.1833333333, 47.1333333333, 86.75, 34.6333333333, 236.3666666667, 65.6, 101.8833333333, 84.9833333333, 91.45, 0.0], "04": [41.3833333333, 52.4166666667, 61.2833333333, 91.15, 133.3333333333, 125.8666666667, 61.8166666667, 46.95, 56.8666666667, 237.5, 126.5666666667, 46.2166666667, 18.4666666667, 67.0, 0.0], "05": [5.3833333333, 18.5333333333, 24.2666666667, 51.0, 84.3333333333, 64.6666666667, 80.6833333333, 82.5333333333, 49.6333333333, 142.6166666667, 81.9333333333, 52.6666666667, 66.15, 47.1333333333, 0.0], "06": [55.5166666667, 14.1666666667, 54.2666666667, 47.6333333333, 93.9833333333, 65.8166666667, 44.0666666667, 114.1166666667, 41.25, 220.9333333333, 27.3, 3.1666666667, 27.2833333333, 66.9666666667, 2.9], "07": [25.2, 15.8166666667, 64.55, 31.0833333333, 20.3166666667, 60.3166666667, 19.1166666667, 63.0666666667, 74.4833333333, 33.4166666667, 0.0, 0.6, 42.7833333333, 125.4, 112.5166666667], "08": [23.9666666667, 12.5666666667, 73.5, 2.45, 19.2166666667, 97.2333333333, 4.1, 60.3666666667, 25.2333333333, 4.9, 0.7833333333, 17.9333333333, 119.8333333333, 149.95, 19.4117647059], "09": [38.8666666667, 11.9833333333, 33.2666666667, 76.2, 57.05, 49.6, 74.2666666667, 77.1333333333, 24.7833333333, 10.9166666667, 51.0833333333, 11.5666666667, 43.35, 161.7833333333], "10": [1.1166666667, 3.3666666667, 33.5833333333, 29.6, 10.1666666667, 20.9333333333, 38.85, 29.2333333333, 43.3166666667, 9.9333333333, 37.3666666667, 39.9, 75.0333333333, 9.6833333333], "11": [22.0833333333, 15.8166666667, 12.6833333333, 0.1333333333, 0.2166666667, 6.1833333333, 9.7833333333, 11.3, 145.4, 45.2666666667, 11.4666666667, 108.7666666667, 347.1, 0.0], "12": [0.0, 62.6666666667, 33.4333333333, 23.9166666667, 32.0833333333, 12.9166666667, 21.7, 23.0833333333, 6.7666666667, 9.3333333333, 2.5333333333, 20.0, 250.1, 389.2833333333, 8.2666666667], "13": [216.75, 129.5833333333, 81.5333333333, 7.9333333333, 103.0, 20.5833333333, 4.0, 24.05, 7.8833333333, 5.3333333333, 42.8, 11.8166666667, 71.1666666667, 99.2833333333, 0.0], "14": [66.3166666667, 34.85, 124.7166666667, 60.1333333333, 166.0166666667, 108.3333333333, 97.1, 120.9333333333, 23.9, 2.5666666667, 100.7666666667, 2.85, 48.0833333333, 4.6666666667, 8.8], "15": [164.3333333333, 118.6666666667, 153.3833333333, 121.7, 148.85, 128.5666666667, 127.75, 197.6666666667, 65.3333333333, 50.5166666667, 68.4666666667, 129.1833333333, 30.5, 93.7333333333, 327.9], "16": [39.8333333333, 78.3666666667, 91.3333333333, 160.25, 118.4833333333, 127.4833333333, 92.4166666667, 62.9833333333, 76.1, 93.6166666667, 22.8833333333, 124.4666666667, 198.4166666667, 75.5833333333, 0.0], "17": [12.35, 112.3166666667, 18.8166666667, 59.4333333333, 38.1, 273.0, 82.7833333333, 40.1333333333, 188.9, 107.2, 30.4, 117.7166666667, 106.6833333333, 31.0, 6.6833333333], "18": [88.3333333333, 69.1333333333, 32.35, 21.8833333333, 100.3833333333, 116.5333333333, 90.6666666667, 207.5666666667, 74.0166666667, 270.7666666667, 101.6666666667, 141.9333333333, 47.4, 56.75, 0.0], "19": [98.0, 80.45, 161.1333333333, 119.7166666667, 127.6333333333, 58.0833333333, 47.8333333333, 170.7666666667, 48.1333333333, 94.6833333333, 145.8166666667, 125.0166666667, 3.5166666667, 114.9166666667, 9.7166666667], "20": [73.45, 85.3166666667, 179.6666666667, 86.3166666667, 20.7166666667, 221.35, 62.6666666667, 80.5166666667, 120.0666666667, 119.9333333333, 102.6833333333, 142.6, 1.3333333333, 52.0166666667, 0.0], "21": [137.75, 8.75, 91.3333333333, 68.65, 70.4333333333, 101.1, 109.5, 40.4666666667, 69.8166666667, 72.95, 87.85, 207.8333333333, 45.1666666667, 12.0666666667, 2.5], "22": [93.6333333333, 27.7833333333, 95.6166666667, 173.1166666667, 38.25, 93.25, 130.1833333333, 0.8166666667, 74.4833333333, 76.4166666667, 90.0666666667, 84.3833333333, 66.35, 2.6666666667, 0.0], "23": [182.6833333333, 83.2, 103.75, 113.5333333333, 163.4666666667, 27.2166666667, 94.7333333333, 40.2333333333, 27.7333333333, 15.9166666667, 24.2333333333, 111.35, 70.3333333333, 42.85, 0.0]}}