{"file": "condition_23", "boxplot_data": {"00": [8.5166666667, 218.7166666667, 151.3166666667, 165.5, 42.4833333333, 31.15, 31.5666666667, 506.1, 734.3, 303.3166666667, 455.3333333333, 232.5833333333, 58.6833333333, 6.5166666667, 97.55, 112.0666666667, 50.7166666667, 0.0, 0.0, 0.5666666667, 0.0, 0.0], "01": [38.75, 486.8666666667, 6.25, 0.9833333333, 8.7833333333, 5.3833333333, 18.8833333333, 230.7, 16.0, 1.3, 59.5833333333, 30.9666666667, 64.6333333333, 3.9333333333, 11.8666666667, 384.5666666667, 74.2833333333, 0.0, 0.0, 0.0, 0.0, 0.0], "02": [9.6666666667, 29.25, 27.0333333333, 3.2333333333, 20.25, 13.25, 9.0333333333, 9.75, 8.9333333333, 9.3833333333, 19.3833333333, 19.1333333333, 18.4166666667, 16.1833333333, 21.1333333333, 67.7666666667, 18.9166666667, 0.0, 0.0, 0.0, 0.2833333333, 0.0], "03": [46.8, 1.75, 13.95, 19.0666666667, 9.8333333333, 12.0333333333, 10.35, 22.1833333333, 19.6666666667, 11.0666666667, 8.6833333333, 55.8166666667, 44.7833333333, 8.4666666667, 50.4, 6.65, 11.3833333333, 0.0, 0.0, 0.0, 0.0, 0.0], "04": [0.0, 1.75, 10.9666666667, 18.05, 29.4166666667, 29.1833333333, 30.3333333333, 16.25, 6.85, 8.8333333333, 57.7, 46.3666666667, 15.9666666667, 35.1833333333, 16.8333333333, 9.6833333333, 45.0, 0.0, 0.0, 0.0, 0.0, 0.0], "05": [27.95, 27.6, 9.8166666667, 7.9833333333, 4.8, 1.8666666667, 13.7333333333, 18.65, 37.4333333333, 43.2666666667, 27.9666666667, 12.9, 41.8333333333, 35.0, 16.5, 43.35, 5.0833333333, 0.0, 0.0, 0.0, 0.0, 0.0], "06": [5.1166666667, 97.7, 25.25, 9.5, 23.6333333333, 27.5833333333, 9.5666666667, 48.7833333333, 28.2333333333, 20.7333333333, 0.2833333333, 8.55, 5.65, 21.2333333333, 16.2166666667, 2.9333333333, 15.1833333333, 0.0, 0.0, 0.0, 0.0, 0.0], "07": [50.7166666667, 9.0, 23.2833333333, 11.7666666667, 4.8833333333, 3.7166666667, 22.6166666667, 19.1666666667, 34.8833333333, 5.6666666667, 14.8, 6.9833333333, 25.8, 6.9833333333, 6.1833333333, 23.45, 1.3333333333, 0.0, 0.0, 0.0, 0.0, 0.0], "08": [29.4833333333, 21.55, 18.7166666667, 334.15, 15.1666666667, 29.7166666667, 379.35, 33.2333333333, 24.15, 14.55, 466.4333333333, 33.8833333333, 32.75, 234.6166666667, 54.7, 4.1833333333, 14.95, 0.0, 0.0, 0.0, 0.0, 0.0], "09": [33.5833333333, 4.25, 3.6166666667, 257.4166666667, 122.6166666667, 8.7833333333, 324.25, 20.65, 47.6166666667, 12.5333333333, 152.6166666667, 137.3833333333, 10.15, 449.4333333333, 18.9166666667, 24.6833333333, 33.0, 0.0, 0.0, 0.0, 0.55, 171.7555555556], "10": [258.0, 489.9833333333, 23.6666666667, 30.6333333333, 238.4, 21.8, 766.3666666667, 7.3833333333, 9.2166666667, 22.1166666667, 902.3, 707.7666666667, 207.7666666667, 376.9833333333, 31.8, 17.6, 11.8, 0.0, 0.0, 0.0, 0.0], "11": [335.1333333333, 120.9, 5.9, 97.8833333333, 258.1333333333, 10.45, 379.6333333333, 76.6, 273.8166666667, 320.0, 505.35, 1136.85, 230.8833333333, 204.6833333333, 13.5833333333, 508.9166666667, 294.8666666667, 0.25, 0.0, 0.0, 4.1], "12": [441.2833333333, 1.6, 20.6166666667, 179.9, 240.1, 389.9333333333, 189.3833333333, 608.15, 639.3833333333, 882.0166666667, 372.3666666667, 216.4, 267.7666666667, 386.8333333333, 0.6833333333, 460.45, 225.8, 0.0, 0.0, 0.0, 0.3333333333], "13": [455.15, 462.7666666667, 128.4, 153.7333333333, 122.3666666667, 110.15, 701.9, 191.8666666667, 623.05, 741.8333333333, 632.8, 185.2, 399.15, 392.9666666667, 590.2, 211.8666666667, 635.6166666667, 270.05, 0.0, 0.1166666667, 0.25, 0.0], "14": [329.3833333333, 710.3666666667, 202.9333333333, 396.8833333333, 165.4666666667, 428.4333333333, 393.8166666667, 304.6333333333, 455.85, 908.8833333333, 659.2833333333, 338.2666666667, 409.95, 350.9166666667, 567.05, 822.7333333333, 564.8666666667, 264.2, 2.15, 0.0, 0.5333333333, 0.0], "15": [496.2833333333, 277.6333333333, 190.8833333333, 272.7833333333, 365.7666666667, 196.1333333333, 573.6166666667, 367.65, 748.2166666667, 689.0666666667, 322.2, 330.5166666667, 652.4666666667, 661.3833333333, 565.6833333333, 664.0, 511.0333333333, 896.3, 3.7166666667, 7.0, 0.05, 0.0], "16": [447.3833333333, 6.4666666667, 706.4833333333, 613.15, 384.4, 810.2833333333, 478.4666666667, 809.3833333333, 1028.5833333333, 738.0, 482.2, 327.4166666667, 418.35, 593.8666666667, 440.8, 612.8, 430.8, 783.9, 3.4666666667, 0.8666666667, 0.0, 3.85], "17": [515.0166666667, 9.3666666667, 63.7666666667, 85.7166666667, 508.35, 539.25, 677.4, 304.4666666667, 875.4166666667, 354.0, 757.0833333333, 461.3166666667, 229.7833333333, 457.4166666667, 322.7, 663.4833333333, 411.3333333333, 557.5833333333, 0.0, 0.0, 0.0, 0.0], "18": [464.8833333333, 403.6833333333, 411.15, 286.0333333333, 340.9666666667, 318.9833333333, 567.4, 589.55, 430.1833333333, 272.1833333333, 276.0, 448.8666666667, 316.6333333333, 345.2333333333, 439.6333333333, 494.6, 487.3333333333, 153.1166666667, 0.0, 0.0, 0.0, 0.0], "19": [445.8833333333, 404.5666666667, 221.0666666667, 411.0833333333, 135.9666666667, 272.7166666667, 369.6333333333, 457.1833333333, 697.45, 185.3166666667, 280.5833333333, 210.55, 14.65, 112.4666666667, 343.7833333333, 757.4666666667, 221.2666666667, 7.9833333333, 0.1333333333, 0.05, 8.8, 0.2833333333], "20": [479.6833333333, 214.4333333333, 123.4666666667, 377.8333333333, 169.95, 635.4, 409.85, 541.8833333333, 519.0333333333, 571.0833333333, 347.3833333333, 303.55, 217.65, 566.4333333333, 484.7833333333, 520.7, 188.1833333333, 0.0, 12.9333333333, 0.0, 3.4833333333, 0.0], "21": [867.5833333333, 202.6333333333, 374.0833333333, 389.7166666667, 484.9, 441.2166666667, 624.0333333333, 344.05, 518.3666666667, 716.8, 283.9, 547.9833333333, 534.3333333333, 280.2, 412.3666666667, 404.8333333333, 402.35, 16.5333333333, 1.55, 0.0, 0.2666666667, 0.25], "22": [747.6166666667, 120.1166666667, 118.1333333333, 359.0, 367.4333333333, 573.4666666667, 372.05, 279.1, 347.4666666667, 1063.9, 467.8333333333, 239.1833333333, 529.5333333333, 482.9833333333, 381.4166666667, 509.55, 372.9333333333, 5.85, 0.05, 0.0, 0.6166666667, 0.1666666667], "23": [357.0666666667, 185.4, 239.25, 158.45, 113.2833333333, 60.5333333333, 365.6333333333, 500.3, 72.0, 365.1833333333, 460.9333333333, 304.1333333333, 762.8666666667, 363.9666666667, 287.0666666667, 230.4666666667, 341.6, 6.6166666667, 1.85, 1.2, 1.35, 0.0]}}