{"file": "condition_21", "boxplot_data": {"00": [3.5, 0.9166666667, 0.4333333333, 1.3833333333, 4.75, 8.15, 0.9166666667, 4.2833333333, 1.0666666667, 115.1333333333, 0.2833333333, 5.9333333333, 9.3666666667, 3.7333333333], "01": [6.4333333333, 0.25, 2.2, 10.6833333333, 4.4833333333, 8.6833333333, 7.7333333333, 8.35, 9.6666666667, 6.25, 5.65, 7.0166666667, 3.95, 11.5666666667], "02": [1.2166666667, 1.9333333333, 1.2333333333, 8.7333333333, 2.5, 4.95, 4.9666666667, 11.1166666667, 5.3666666667, 13.5666666667, 3.6166666667, 6.7166666667, 7.2666666667, 8.9333333333], "03": [3.4666666667, 4.9833333333, 2.7833333333, 2.6666666667, 8.4666666667, 12.5166666667, 4.8, 1.5666666667, 8.2, 13.3, 2.9666666667, 5.0666666667, 6.1666666667, 4.2333333333], "04": [1.05, 0.4333333333, 5.4166666667, 1.5833333333, 3.0, 0.5333333333, 29.6666666667, 5.7833333333, 5.4333333333, 6.5333333333, 8.0833333333, 2.8333333333, 7.1833333333, 5.5666666667], "05": [2.4666666667, 5.85, 4.0833333333, 6.8833333333, 8.9333333333, 3.6, 2.35, 8.4, 4.75, 11.4333333333, 0.6666666667, 2.3833333333, 0.3, 8.8166666667], "06": [9.3333333333, 4.8666666667, 5.4666666667, 2.35, 9.1, 4.9166666667, 6.1166666667, 24.7833333333, 7.6333333333, 15.1333333333, 3.25, 1.8166666667, 5.2, 3.8833333333], "07": [8.55, 2.0666666667, 3.95, 9.5333333333, 5.35, 11.7666666667, 11.2, 27.15, 4.45, 6.2333333333, 9.2333333333, 3.4, 6.1333333333, 1.1], "08": [8.8666666667, 9.2333333333, 7.3333333333, 9.35, 108.2, 4.15, 8.3333333333, 363.8166666667, 5.1666666667, 15.4, 12.1833333333, 0.8166666667, 8.8833333333, 17.7333333333], "09": [89.5166666667, 4.5666666667, 7.3, 354.95, 96.8666666667, 167.4166666667, 52.8666666667, 26.8333333333, 12.8, 10.0333333333, 240.7666666667, 0.6166666667, 49.8333333333, 31.8166666667], "10": [265.65, 123.2333333333, 4.05, 270.3166666667, 332.8333333333, 351.15, 253.0333333333, 83.5, 13.2333333333, 5.2833333333, 332.1, 232.75, 324.4166666667, 875.6333333333], "11": [493.3, 231.0333333333, 3.5, 342.55, 471.6166666667, 197.1833333333, 276.8333333333, 161.9833333333, 32.4, 135.65, 86.95, 36.6, 324.5333333333, 407.4333333333], "12": [65.5333333333, 85.0, 89.8, 33.6333333333, 115.8333333333, 427.1333333333, 134.1166666667, 123.8833333333, 336.5333333333, 156.9166666667, 79.35, 87.1833333333, 278.0833333333, 140.1], "13": [37.44, 288.0166666667, 8.9166666667, 21.5333333333, 252.95, 30.95, 38.3333333333, 225.8833333333, 147.95, 8.7666666667, 114.9666666667, 46.75, 38.3166666667, 119.6666666667, 82.0833333333], "14": [2.2666666667, 190.7833333333, 363.8166666667, 0.5833333333, 14.2166666667, 93.9333333333, 175.1, 391.5333333333, 490.2166666667, 119.1166666667, 111.9166666667, 25.1, 16.3833333333, 131.7166666667, 57.3166666667], "15": [4.6333333333, 7.9666666667, 162.2666666667, 70.4333333333, 66.3, 26.4, 263.7333333333, 165.1666666667, 123.75, 132.9, 60.6666666667, 2.0, 68.75, 19.15, 121.7666666667], "16": [165.8833333333, 9.6333333333, 21.7166666667, 16.9333333333, 101.5833333333, 120.85, 116.2833333333, 162.85, 67.3166666667, 106.3333333333, 383.3166666667, 128.9833333333, 121.0, 184.7666666667, 15.9166666667], "17": [65.6, 2.9166666667, 11.85, 221.9666666667, 39.3166666667, 72.4666666667, 184.7833333333, 113.0833333333, 96.4666666667, 85.2333333333, 25.2166666667, 78.95, 157.2166666667, 83.3833333333, 13.2666666667], "18": [359.9333333333, 56.4833333333, 10.95, 29.4333333333, 103.05, 277.2833333333, 16.0, 183.8666666667, 131.6666666667, 58.3666666667, 26.4, 294.0333333333, 208.25, 383.3333333333, 39.0833333333], "19": [168.9, 137.05, 62.9, 55.3166666667, 140.2666666667, 172.3333333333, 273.4666666667, 115.05, 16.25, 313.9166666667, 405.0833333333, 194.6166666667, 148.55, 145.5833333333, 0.0], "20": [18.95, 28.4333333333, 41.6666666667, 29.2333333333, 142.3666666667, 64.8333333333, 55.3, 32.2666666667, 77.75, 192.7666666667, 10.3333333333, 62.1, 20.8166666667, 68.1333333333], "21": [54.0333333333, 7.8, 28.1666666667, 11.75, 133.3833333333, 71.9333333333, 64.9333333333, 102.85, 54.0833333333, 134.9166666667, 11.6166666667, 27.9833333333, 100.05, 63.6833333333], "22": [139.9833333333, 90.4666666667, 72.7166666667, 48.55, 8.3333333333, 103.25, 46.8333333333, 60.25, 80.0666666667, 199.15, 204.7166666667, 59.05, 97.2, 158.55], "23": [3.7666666667, 23.5, 34.0166666667, 2.1833333333, 10.55, 2.9, 4.1333333333, 2.9666666667, 3.5, 110.6833333333, 34.0666666667, 58.7166666667, 3.0666666667, 8.55]}}