{"file": "condition_11", "boxplot_data": {"00": [56.7166666667, 502.3166666667, 214.1666666667, 13.6, 12.7666666667, 0.6666666667, 83.1666666667, 48.6666666667, 227.25, 319.7166666667, 42.0, 2.6166666667, 9.6666666667, 0.0, 69.6833333333, 65.1], "01": [72.0, 319.9166666667, 130.2, 7.4166666667, 3.0666666667, 9.5, 71.1166666667, 46.0666666667, 388.65, 363.7166666667, 7.1166666667, 2.4833333333, 4.1666666667, 0.0, 2.6666666667, 2.3], "02": [86.7166666667, 298.7833333333, 107.5666666667, 3.1833333333, 10.7166666667, 1.1, 37.7833333333, 0.0, 103.4666666667, 94.0333333333, 4.1166666667, 4.4333333333, 4.2833333333, 0.0, 13.75, 1.1166666667], "03": [81.65, 72.95, 101.65, 4.0, 5.3166666667, 10.8666666667, 87.7333333333, 7.7833333333, 257.3333333333, 87.7166666667, 9.2666666667, 5.1666666667, 6.8833333333, 0.0, 4.4833333333, 9.45], "04": [0.6166666667, 149.5666666667, 0.0, 6.2666666667, 5.3166666667, 5.9166666667, 1.1666666667, 0.0, 124.0333333333, 31.0333333333, 11.9333333333, 1.7, 5.3, 0.0, 12.0333333333, 7.6666666667], "05": [10.45, 0.0, 8.3166666667, 1.7833333333, 33.3666666667, 4.7, 12.2166666667, 2.1, 4.3166666667, 66.2, 6.5666666667, 4.2333333333, 41.2666666667, 0.0, 51.1666666667, 82.6333333333], "06": [0.0, 7.0, 5.8666666667, 7.6833333333, 82.1833333333, 10.15, 0.4666666667, 7.1166666667, 3.2333333333, 10.3833333333, 10.45, 1.2666666667, 259.8, 0.2, 70.95, 57.0833333333], "07": [2.4, 4.9, 5.6833333333, 11.5666666667, 5.0666666667, 6.2833333333, 4.95, 3.8166666667, 0.0, 0.8833333333, 5.7666666667, 2.8, 2.7166666667, 195.9666666667, 5.6166666667, 7.25], "08": [13.5, 0.7833333333, 4.7833333333, 14.1833333333, 9.75, 9.3666666667, 1.1666666667, 2.4333333333, 1.8833333333, 2.0666666667, 6.1833333333, 2.0833333333, 0.2166666667, 0.5, 25.4333333333, 6.7833333333], "09": [2.3, 8.2833333333, 3.9166666667, 4.9833333333, 3.4666666667, 4.5166666667, 148.3833333333, 9.8166666667, 17.9833333333, 2.6, 2.7166666667, 4.2166666667, 13.3, 49.6, 20.8166666667, 198.6666666667], "10": [9.8166666667, 1.1666666667, 2.4333333333, 1.0666666667, 4.1333333333, 1.5, 50.75, 3.4666666667, 7.8833333333, 0.1333333333, 11.65, 2.1166666667, 389.4, 502.3166666667, 15.2833333333, 403.8], "11": [4.5, 58.8333333333, 3.2666666667, 1.4, 57.3666666667, 97.5333333333, 306.7, 292.2166666667, 2.0833333333, 3.9833333333, 375.4, 2.5166666667, 196.5333333333, 219.2166666667, 5.7166666667, 243.3], "12": [337.9833333333, 160.5, 28.9166666667, 151.6666666667, 2.65, 364.7333333333, 557.7166666667, 927.6333333333, 106.3, 2.6333333333, 261.3166666667, 3.55, 25.7833333333, 137.7166666667, 4.75, 118.1333333333], "13": [450.95, 165.15, 6.4833333333, 372.35, 1.3166666667, 165.35, 177.3666666667, 497.5333333333, 323.8833333333, 8.2666666667, 365.05, 206.3333333333, 0.0, 510.7, 567.8, 198.1166666667], "14": [332.5666666667, 214.1, 13.45, 70.8666666667, 1.4333333333, 229.5, 192.8833333333, 188.9166666667, 466.8166666667, 127.75, 177.7, 117.5666666667, 24.5666666667, 221.4666666667, 508.7, 233.5666666667], "15": [296.6, 571.8666666667, 107.8166666667, 184.2, 172.7, 430.45, 194.0833333333, 472.8166666667, 454.15, 32.9333333333, 295.8666666667, 20.1666666667, 950.25, 171.1833333333, 289.2166666667, 176.9], "16": [368.55, 312.7333333333, 50.8833333333, 127.5666666667, 257.5833333333, 389.3333333333, 72.1833333333, 624.55, 368.0333333333, 184.7666666667, 120.5666666667, 16.1666666667, 0.0, 88.0333333333, 217.8666666667, 296.0833333333], "17": [206.7833333333, 569.8333333333, 42.8666666667, 197.9833333333, 538.7333333333, 332.2333333333, 307.1333333333, 691.9166666667, 456.0833333333, 102.0166666667, 31.1666666667, 173.2166666667, 0.8666666667, 17.5833333333, 35.0, 251.2833333333], "18": [310.4333333333, 146.8333333333, 71.0166666667, 54.9166666667, 461.8833333333, 39.9166666667, 202.5833333333, 365.0333333333, 563.95, 230.45, 4.25, 32.45, 0.7166666667, 14.9166666667, 53.7333333333, 312.5666666667], "19": [494.8, 153.4666666667, 21.65, 135.7666666667, 342.6333333333, 129.9333333333, 329.95, 617.4333333333, 169.05, 17.8666666667, 44.7166666667, 125.7666666667, 0.0, 13.1, 639.65, 88.9666666667], "20": [344.0666666667, 187.7166666667, 19.6833333333, 111.3833333333, 308.1166666667, 333.4166666667, 251.05, 347.4833333333, 264.4833333333, 73.8833333333, 15.3333333333, 42.9, 4.4166666667, 89.6166666667, 264.6, 81.15], "21": [302.9833333333, 360.25, 13.85, 117.1166666667, 234.35, 238.6333333333, 191.35, 501.3333333333, 235.5333333333, 30.2166666667, 124.4333333333, 36.25, 0.0, 392.5833333333, 23.0333333333, 219.6833333333], "22": [404.0833333333, 365.6, 25.7, 110.2166666667, 160.8666666667, 128.1166666667, 60.2333333333, 445.8333333333, 310.5, 13.2, 353.4, 32.8166666667, 0.05, 51.1, 215.7833333333, 152.9], "23": [243.3833333333, 265.0333333333, 206.3, 3.0166666667, 5.0666666667, 208.5666666667, 188.9166666667, 379.2, 175.5666666667, 264.6666666667, 16.0, 60.7666666667, 0.0, 54.7833333333, 60.0666666667, 98.6]}}