{"file": "condition_7", "boxplot_data": {"00": [17.8, 19.8333333333, 21.2, 274.85, 548.2666666667, 85.2333333333, 129.25, 197.25, 66.5833333333, 53.0166666667, 203.9, 23.3666666667, 3.1666666667, 121.75, 3.0], "01": [15.2833333333, 19.5166666667, 14.35, 17.0, 439.6833333333, 13.6166666667, 9.6333333333, 74.4666666667, 11.05, 30.1, 130.2166666667, 231.1166666667, 3.0, 166.1333333333, 3.0], "02": [10.1, 22.15, 10.8333333333, 28.3166666667, 542.95, 25.6, 30.4833333333, 21.45, 5.5833333333, 62.6, 16.6333333333, 159.0333333333, 3.2, 83.5833333333, 3.0], "03": [11.2666666667, 3.7166666667, 26.6333333333, 15.9333333333, 202.9166666667, 45.8166666667, 50.0, 24.3166666667, 14.75, 12.1, 16.65, 233.1333333333, 2.75, 21.4666666667, 3.0], "04": [9.9333333333, 35.5666666667, 20.7666666667, 25.8333333333, 28.85, 20.4666666667, 189.7666666667, 55.0666666667, 20.45, 26.7166666667, 15.2833333333, 12.2666666667, 1.0, 36.0166666667, 3.0], "05": [568.1666666667, 18.2, 12.45, 25.3666666667, 12.5666666667, 15.8166666667, 197.2833333333, 16.1666666667, 20.0333333333, 30.0166666667, 23.5666666667, 11.3666666667, 0.1, 17.6, 3.0], "06": [298.9666666667, 13.4, 20.8833333333, 22.3333333333, 19.75, 22.0833333333, 36.4333333333, 24.3833333333, 9.1333333333, 21.3, 14.05, 8.9833333333, 0.0, 9.1333333333, 3.0], "07": [246.8666666667, 10.2, 113.8, 12.8166666667, 24.2333333333, 16.1, 19.0333333333, 369.65, 148.9833333333, 197.5166666667, 17.1, 7.9166666667, 0.0, 42.9833333333, 3.0833333333], "08": [467.3166666667, 17.1, 36.1833333333, 15.8666666667, 12.3833333333, 15.1333333333, 16.9333333333, 391.3, 753.9333333333, 533.1333333333, 50.55, 9.0833333333, 0.5166666667, 29.1166666667, 9.2833333333], "09": [565.3333333333, 19.3333333333, 12.3833333333, 8.2, 9.85, 10.5833333333, 15.7333333333, 593.1833333333, 1039.6166666667, 881.45, 7.0833333333, 21.7666666667, 0.55, 21.4833333333, 5.6333333333], "10": [308.6833333333, 565.25, 283.85, 18.5833333333, 126.5, 97.8, 123.4333333333, 313.8333333333, 520.2833333333, 1155.6166666667, 953.5333333333, 16.9666666667, 10.2666666667, 2.95, 10.3166666667, 7.7333333333], "11": [544.6166666667, 525.1333333333, 14.0666666667, 144.7, 141.15, 157.8333333333, 6.8333333333, 510.35, 267.35, 1576.4666666667, 1002.9, 244.6166666667, 170.05, 3.0, 20.8833333333, 3.0], "12": [384.5, 579.5833333333, 47.3, 258.95, 12.9333333333, 14.95, 87.5333333333, 472.75, 265.1, 1370.8, 760.8333333333, 284.7833333333, 236.4666666667, 3.7666666667, 120.4833333333, 4.2833333333], "13": [412.55, 478.9333333333, 88.3166666667, 70.0833333333, 636.7166666667, 236.6333333333, 298.6, 294.35, 478.95, 1038.6833333333, 1146.8, 652.6666666667, 7.9666666667, 4.0833333333, 528.2833333333, 32.6666666667], "14": [344.65, 308.8166666667, 236.7666666667, 547.2, 1255.1333333333, 198.85, 356.0333333333, 18.15, 335.3166666667, 1243.9666666667, 934.0166666667, 1053.6833333333, 19.8333333333, 3.0, 33.0833333333, 9.4666666667], "15": [15.4, 356.55, 28.45, 337.85, 1258.75, 159.9166666667, 755.9, 14.05, 40.7333333333, 1258.25, 945.1333333333, 916.8333333333, 247.5166666667, 3.0, 0.3, 705.0833333333], "16": [3.8166666667, 9.3333333333, 21.2166666667, 1097.2166666667, 1125.8833333333, 84.7833333333, 1156.6333333333, 405.1833333333, 437.8333333333, 606.6333333333, 1116.4666666667, 974.0833333333, 147.0333333333, 3.0, 0.0, 5.0], "17": [219.6833333333, 11.4666666667, 176.1833333333, 1146.1666666667, 1187.4666666667, 294.7666666667, 1257.75, 548.0, 469.0666666667, 111.6666666667, 576.9166666667, 987.2, 52.9666666667, 3.0, 0.0, 5.0], "18": [274.5166666667, 22.1166666667, 354.35, 1016.9, 1172.4666666667, 209.3166666667, 1094.8333333333, 649.7833333333, 937.8166666667, 29.9, 539.15, 1006.4, 141.1166666667, 3.0, 0.0, 5.1666666667], "19": [241.45, 187.4666666667, 227.1166666667, 1095.25, 993.4333333333, 219.7, 1227.95, 293.5666666667, 1377.0333333333, 200.0833333333, 172.2166666667, 978.55, 246.3166666667, 3.0, 0.0, 7.8571428571], "20": [208.7666666667, 173.4166666667, 246.0333333333, 905.8166666667, 679.85, 294.9833333333, 932.6666666667, 353.6, 1015.35, 139.5333333333, 268.1833333333, 642.1666666667, 369.6833333333, 3.0, 0.05], "21": [212.05, 295.5666666667, 181.3666666667, 917.8333333333, 737.7666666667, 284.8666666667, 1011.95, 552.1166666667, 1188.0833333333, 248.25, 182.5, 123.85, 2.2833333333, 3.0, 1.2], "22": [254.6833333333, 198.8, 242.3333333333, 826.9166666667, 603.0333333333, 373.8333333333, 513.3166666667, 246.8833333333, 316.7333333333, 196.3333333333, 203.5666666667, 1.0, 3.0, 4.4666666667, 2.05], "23": [28.2166666667, 252.45, 149.3333333333, 379.05, 454.8333333333, 97.75, 576.2, 235.5333333333, 224.8833333333, 227.2666666667, 157.3333333333, 3.0, 3.0, 83.45, 3.0]}}