{"file": "condition_22", "boxplot_data": {"00": [19.5166666667, 72.9333333333, 3.05, 5.6666666667, 93.9666666667, 70.8666666667, 5.0333333333, 4.1, 4.0, 7.0833333333, 16.9, 7.6666666667, 6.0833333333, 4.7833333333, 0.6166666667], "01": [16.1833333333, 15.55, 13.6166666667, 83.8333333333, 23.35, 3.25, 92.45, 9.25, 78.2833333333, 15.8833333333, 12.9166666667, 9.4333333333, 149.5833333333, 21.4333333333, 64.05], "02": [2.6, 1.0666666667, 9.5333333333, 21.9166666667, 19.3, 21.7166666667, 3.8, 72.6, 87.0166666667, 0.0, 4.1833333333, 7.8833333333, 4.85, 49.2333333333, 25.7333333333], "03": [89.9333333333, 80.0, 106.5, 5.9666666667, 102.4166666667, 41.2, 2.45, 25.25, 83.3, 86.75, 11.8, 91.8166666667, 44.3333333333, 4.5166666667, 4.2], "04": [2.5333333333, 0.0, 2.0166666667, 20.1666666667, 6.15, 13.3666666667, 4.6166666667, 9.8, 4.15, 69.2166666667, 78.2333333333, 2.65, 55.4333333333, 18.6833333333, 3.5333333333], "05": [19.7, 16.3833333333, 9.1, 16.4333333333, 21.25, 98.5, 64.3666666667, 16.75, 43.9, 15.3833333333, 5.9, 9.9833333333, 5.2166666667, 124.0833333333, 7.7], "06": [27.25, 10.1166666667, 21.35, 4.0666666667, 12.3833333333, 11.3, 2.3666666667, 0.7, 12.1, 7.8166666667, 60.5166666667, 19.6833333333, 7.35, 1.6666666667, 25.6], "07": [84.55, 24.05, 158.9833333333, 95.5833333333, 22.55, 70.2333333333, 145.2333333333, 214.35, 156.6166666667, 9.3333333333, 6.6333333333, 2.2666666667, 211.0166666667, 209.8333333333, 249.8666666667], "08": [0.0, 220.0833333333, 57.5, 245.9833333333, 64.9833333333, 19.65, 206.7666666667, 246.0666666667, 289.6833333333, 315.15, 185.3166666667, 96.3666666667, 473.5166666667, 158.9666666667, 227.85], "09": [3.5, 201.0833333333, 279.65, 175.4166666667, 124.2333333333, 152.2833333333, 63.7833333333, 126.15, 373.15, 256.2833333333, 512.5166666667, 479.55, 390.2166666667, 141.7, 69.05], "10": [113.8666666667, 0.0, 216.3333333333, 443.3, 395.9333333333, 29.8166666667, 652.1166666667, 239.2666666667, 294.2, 381.0333333333, 268.8, 582.8666666667, 374.1166666667, 443.25, 212.1333333333, 99.1], "11": [202.7, 49.5166666667, 132.4333333333, 492.7666666667, 332.25, 111.95, 333.65, 144.6166666667, 362.45, 206.8666666667, 581.2666666667, 305.9333333333, 238.7166666667, 243.9833333333, 354.7166666667, 95.4], "12": [264.7333333333, 276.75, 130.65, 272.3, 204.65, 236.25, 238.7, 249.4333333333, 310.3, 271.2833333333, 195.9166666667, 373.15, 383.3666666667, 111.1333333333, 288.0166666667, 49.5], "13": [88.6333333333, 242.1, 55.35, 281.5833333333, 272.8, 163.1833333333, 249.1333333333, 159.9, 135.3166666667, 507.9333333333, 131.65, 306.7333333333, 449.1, 127.7833333333, 294.05, 6.6486486486], "14": [400.9166666667, 326.0666666667, 319.1666666667, 383.1166666667, 146.55, 136.1833333333, 214.1333333333, 95.7166666667, 378.3333333333, 381.45, 438.55, 304.5666666667, 279.1833333333, 135.9666666667, 200.7], "15": [356.35, 358.85, 296.75, 293.05, 173.75, 522.2333333333, 149.4333333333, 420.1666666667, 443.5333333333, 169.6166666667, 167.3, 193.45, 82.95, 86.6666666667, 157.4833333333], "16": [193.75, 306.8166666667, 179.7166666667, 259.0, 59.4333333333, 132.6, 151.35, 239.4666666667, 147.3, 335.7333333333, 45.2833333333, 388.55, 95.3666666667, 212.9333333333, 147.4833333333], "17": [370.4833333333, 316.0166666667, 272.8166666667, 186.25, 28.8666666667, 14.5, 172.5666666667, 343.75, 307.65, 365.9166666667, 30.9166666667, 310.5666666667, 290.0333333333, 102.3833333333, 110.0], "18": [278.1833333333, 191.8833333333, 234.5833333333, 303.6166666667, 155.0833333333, 102.0833333333, 248.8166666667, 169.2666666667, 564.5, 231.95, 145.8, 420.0166666667, 343.8666666667, 300.9333333333, 152.5166666667], "19": [324.2666666667, 273.8666666667, 293.7666666667, 218.15, 71.3166666667, 190.1666666667, 343.55, 351.6666666667, 419.2, 381.35, 108.85, 249.15, 558.05, 192.8333333333, 159.15], "20": [209.5833333333, 264.6833333333, 219.85, 215.2166666667, 223.7166666667, 159.7166666667, 507.0833333333, 253.4833333333, 222.9333333333, 198.2, 108.2, 169.45, 283.6833333333, 163.8, 106.6333333333], "21": [305.8, 240.2, 287.75, 230.3, 94.0666666667, 195.3, 249.2, 167.3333333333, 242.5833333333, 242.7333333333, 465.8333333333, 173.3166666667, 173.9833333333, 165.15, 211.9166666667], "22": [219.3166666667, 139.1166666667, 189.05, 74.3333333333, 159.4166666667, 162.0333333333, 60.15, 15.3666666667, 19.7666666667, 0.9833333333, 505.1666666667, 297.35, 303.75, 0.8, 18.5333333333], "23": [16.6333333333, 6.8166666667, 7.15, 6.8333333333, 42.1833333333, 169.1333333333, 19.6, 6.1166666667, 31.6166666667, 25.0666666667, 77.3333333333, 56.4166666667, 172.8166666667, 1.9666666667, 5.6]}}