{"file": "condition_6", "boxplot_data": {"00": [14.0666666667, 1.35, 0.0, 76.5666666667, 148.7, 0.0, 102.9666666667, 121.1666666667, 0.0, 96.4333333333, 9.8833333333, 1.3166666667, 50.15, 75.4333333333, 48.9], "01": [14.9833333333, 6.5666666667, 0.0, 2.9166666667, 77.1833333333, 0.0, 5.7333333333, 4.6833333333, 0.0, 3.7, 9.3166666667, 1.0166666667, 12.1333333333, 0.0, 66.65], "02": [25.0166666667, 22.8, 0.0, 10.2, 13.25, 0.0, 6.2833333333, 6.5333333333, 0.0, 10.6333333333, 11.5166666667, 3.95, 15.05, 19.0166666667, 34.1666666667], "03": [21.3333333333, 8.4833333333, 0.0, 3.2, 10.7333333333, 0.0, 26.6166666667, 4.2666666667, 0.0, 23.7, 15.6333333333, 8.0, 17.2333333333, 18.6333333333, 1.6666666667], "04": [18.8, 7.8666666667, 0.0, 11.75, 14.1833333333, 0.0, 11.6, 19.1333333333, 0.0, 14.2166666667, 8.5666666667, 10.4333333333, 9.3833333333, 15.6333333333, 12.15], "05": [18.25, 13.7166666667, 0.0, 15.8333333333, 14.05, 0.0, 15.1333333333, 13.5, 0.0, 7.3166666667, 3.4333333333, 13.6666666667, 10.55, 9.8833333333, 14.25], "06": [25.3, 27.45, 0.9166666667, 5.1166666667, 156.5333333333, 1.5, 3.7, 10.3, 0.0, 36.9166666667, 129.1333333333, 149.4, 7.4166666667, 7.4333333333, 6.7], "07": [389.55, 449.4833333333, 58.3, 287.3166666667, 258.8, 104.2833333333, 16.1666666667, 9.3666666667, 3.8833333333, 243.7166666667, 253.45, 324.0, 350.6833333333, 22.8, 5.8], "08": [222.2, 191.9833333333, 18.7833333333, 247.4333333333, 407.0333333333, 342.9333333333, 98.5666666667, 71.45, 55.45, 213.8333333333, 367.7833333333, 164.2333333333, 347.1, 20.1666666667, 81.4666666667], "09": [296.1166666667, 315.5833333333, 51.2307692308, 113.9833333333, 166.1166666667, 183.5, 347.75, 282.4666666667, 96.6166666667, 50.1, 362.5, 348.3666666667, 557.1666666667, 244.7833333333, 117.2333333333], "10": [384.75, 237.3833333333, 665.8333333333, 73.5333333333, 278.0833333333, 270.7, 270.0666666667, 185.8666666667, 168.9, 435.7333333333, 495.4333333333, 527.1, 429.05, 271.9], "11": [291.7666666667, 211.8166666667, 299.1333333333, 231.35, 261.6666666667, 632.1333333333, 285.1166666667, 284.7666666667, 288.6166666667, 194.9666666667, 29.0166666667, 150.8, 116.9333333333, 425.75], "12": [199.05, 559.0166666667, 0.0, 95.3, 283.4, 167.3833333333, 167.1, 234.6166666667, 237.5166666667, 56.6333333333, 457.9666666667, 616.7333333333, 433.7333333333, 177.8833333333, 897.8166666667], "13": [396.15, 688.9833333333, 89.3666666667, 464.6166666667, 759.15, 109.6333333333, 237.55, 143.6, 419.6833333333, 83.8666666667, 217.1, 371.2666666667, 451.5833333333, 153.9166666667, 461.5833333333], "14": [364.1666666667, 15.9166666667, 464.8166666667, 413.6666666667, 314.7333333333, 415.6666666667, 447.4333333333, 325.9833333333, 504.7333333333, 95.1666666667, 236.5333333333, 570.6166666667, 385.15, 162.6333333333, 484.85], "15": [419.05, 179.1833333333, 448.35, 436.35, 351.2, 490.3833333333, 318.3666666667, 123.6333333333, 399.0166666667, 492.95, 349.15, 520.8, 390.8, 571.7333333333, 544.2], "16": [347.1666666667, 0.0, 355.0833333333, 45.5833333333, 3.3666666667, 451.2666666667, 256.5, 575.5833333333, 315.6666666667, 459.8, 258.5, 170.65, 423.3666666667, 155.0166666667, 354.25], "17": [405.5, 0.6333333333, 399.4833333333, 92.45, 0.05, 3.0, 114.8, 556.35, 394.6833333333, 234.6166666667, 313.1833333333, 211.1, 205.45, 130.05, 329.6833333333], "18": [284.6833333333, 0.7833333333, 293.3333333333, 182.3666666667, 0.5, 147.25, 488.6333333333, 378.8666666667, 240.55, 279.2, 541.3166666667, 176.3333333333, 465.5, 430.6, 56.1666666667], "19": [453.7, 0.0, 456.6833333333, 509.2833333333, 0.2, 331.4, 943.8333333333, 615.65, 147.5666666667, 355.05, 782.35, 80.6666666667, 389.2166666667, 110.9666666667, 144.9166666667], "20": [560.9166666667, 47.3666666667, 470.5, 108.0666666667, 2.9166666667, 720.4833333333, 344.8833333333, 138.3166666667, 187.5833333333, 125.7, 283.6666666667, 515.0333333333, 348.6666666667, 473.5333333333, 114.1], "21": [100.1, 0.0, 820.7166666667, 68.4, 0.1, 200.6333333333, 109.4, 340.6833333333, 424.2166666667, 389.2333333333, 162.3333333333, 420.1666666667, 193.0, 119.8333333333, 87.4], "22": [239.1666666667, 5.5666666667, 741.2166666667, 103.4333333333, 1.1, 151.35, 107.5, 141.1666666667, 198.35, 474.9333333333, 242.6833333333, 125.05, 181.2666666667, 86.95, 96.9833333333], "23": [186.2833333333, 0.0, 96.9333333333, 174.1166666667, 0.0, 206.75, 58.35, 191.0333333333, 191.8, 192.8666666667, 231.9333333333, 175.2166666667, 58.8166666667, 69.65, 154.55]}}