{"file": "condition_1", "boxplot_data": {"00": [8.0, 69.7, 100.6166666667, 2.7666666667, 2.7666666667, 52.0, 3.7833333333, 89.0833333333, 8.4166666667, 98.4, 72.8833333333, 3.95, 0.0, 86.3166666667, 48.05, 0.0], "01": [4.0833333333, 22.25, 98.6333333333, 0.9166666667, 2.6666666667, 100.4833333333, 2.9166666667, 9.9, 19.2666666667, 13.4666666667, 11.7333333333, 9.0333333333, 0.0, 7.0833333333, 9.2333333333, 0.0], "02": [7.0666666667, 11.0166666667, 7.7166666667, 4.0833333333, 12.45, 15.7333333333, 14.0166666667, 0.9, 13.9833333333, 8.0166666667, 13.6, 4.9166666667, 0.0, 8.6666666667, 13.4166666667, 0.0], "03": [4.0333333333, 2.0833333333, 3.2833333333, 6.5166666667, 5.25, 9.5333333333, 5.6333333333, 3.6, 7.9166666667, 7.0666666667, 6.45, 4.2166666667, 0.0, 7.5166666667, 4.3166666667, 0.0], "04": [12.2166666667, 12.65, 3.7, 20.3666666667, 9.8166666667, 0.3, 25.75, 3.5666666667, 6.1833333333, 17.8333333333, 6.9666666667, 6.9166666667, 0.0, 22.0833333333, 18.1833333333, 0.0], "05": [0.9666666667, 4.5166666667, 0.5833333333, 7.95, 9.6833333333, 7.3, 2.5, 6.45, 17.1166666667, 0.9166666667, 10.7666666667, 17.55, 0.0, 1.7166666667, 8.1333333333, 2.8666666667], "06": [10.0, 6.4333333333, 1.9666666667, 13.7333333333, 9.6833333333, 12.5333333333, 17.3166666667, 9.5666666667, 26.25, 7.9833333333, 9.45, 11.8, 0.0, 4.8333333333, 11.1666666667, 0.0], "07": [13.7, 5.6666666667, 17.7833333333, 10.8666666667, 9.8666666667, 16.45, 65.7333333333, 11.5833333333, 177.35, 8.35, 47.0666666667, 25.3166666667, 0.1333333333, 12.7666666667, 20.05, 0.0], "08": [146.7333333333, 36.55, 231.55, 117.9666666667, 16.9, 6.45, 1.3166666667, 22.4666666667, 221.75, 8.8833333333, 42.7833333333, 223.6666666667, 0.1333333333, 96.8666666667, 67.1833333333, 0.0], "09": [111.45, 161.8166666667, 339.6666666667, 158.2666666667, 144.5666666667, 136.4833333333, 199.3666666667, 194.1, 481.3166666667, 44.3, 3.5, 190.9166666667, 14.95, 107.6166666667, 9.7333333333, 0.0], "10": [395.65, 228.8333333333, 72.85, 228.0666666667, 317.8, 127.6166666667, 169.95, 394.0333333333, 371.1166666667, 386.4166666667, 117.75, 225.6833333333, 213.05, 134.4333333333, 154.35, 0.0], "11": [351.95, 432.4833333333, 116.6666666667, 267.4833333333, 368.25, 368.3, 349.1833333333, 382.55, 243.7833333333, 549.1, 163.2666666667, 362.5, 292.2833333333, 161.15, 385.8, 0.0], "12": [346.55, 247.3333333333, 192.4, 347.0666666667, 196.8166666667, 367.7, 202.2833333333, 264.8666666667, 305.2833333333, 138.0833333333, 424.75, 328.85, 381.4833333333, 226.1166666667, 1289.3166666667, 368.8833333333, 0.0], "13": [284.5666666667, 348.0333333333, 38.35, 207.8333333333, 178.4, 702.2666666667, 119.7833333333, 330.0166666667, 262.1166666667, 218.65, 195.8833333333, 198.2333333333, 857.3166666667, 157.3, 1775.4, 546.1166666667, 0.0], "14": [279.1833333333, 279.8833333333, 7.7333333333, 227.5666666667, 299.9666666667, 1034.85, 170.3333333333, 274.0166666667, 336.2333333333, 423.95, 505.1, 115.35, 485.2166666667, 124.6333333333, 224.4666666667, 11.7666666667, 11.4], "15": [218.7833333333, 75.9166666667, 160.6833333333, 184.8833333333, 62.7, 795.7666666667, 80.25, 192.35, 313.35, 353.75, 399.8833333333, 147.0333333333, 191.55, 224.65, 72.3166666667, 0.0, 79.5], "16": [238.55, 368.1666666667, 181.9, 206.7, 152.2833333333, 332.2, 284.6333333333, 481.0333333333, 364.55, 269.15, 448.15, 65.7833333333, 137.0166666667, 243.1666666667, 136.7666666667, 0.0], "17": [209.85, 394.6333333333, 276.1166666667, 192.2166666667, 124.4833333333, 1137.3, 230.1333333333, 349.6833333333, 249.0, 316.2166666667, 337.4833333333, 225.2166666667, 472.0833333333, 361.9, 177.2666666667, 0.0], "18": [129.1166666667, 307.8, 298.4666666667, 447.5833333333, 123.8666666667, 959.95, 325.3, 246.4833333333, 342.5, 569.8666666667, 379.0833333333, 276.0666666667, 211.3333333333, 174.5833333333, 53.5, 0.0833333333], "19": [60.4666666667, 263.5666666667, 223.4666666667, 157.0166666667, 144.5, 892.6833333333, 42.45, 179.8666666667, 183.7833333333, 317.6666666667, 87.7, 177.9666666667, 212.0, 271.6833333333, 118.3833333333, 0.0], "20": [99.95, 164.3166666667, 333.1166666667, 60.0833333333, 57.2, 244.2, 86.9, 91.55, 228.3, 180.3833333333, 68.45, 75.45, 0.0, 231.2166666667, 111.9333333333, 23.6666666667], "21": [41.5333333333, 120.05, 178.1166666667, 47.6666666667, 52.15, 140.2, 66.05, 206.8833333333, 132.6166666667, 57.6166666667, 120.5333333333, 99.75, 0.0, 28.85, 68.65, 0.0], "22": [32.45, 46.5166666667, 58.2, 79.9666666667, 43.9666666667, 56.3666666667, 132.2166666667, 187.4666666667, 149.7333333333, 70.6833333333, 51.0166666667, 32.65, 0.0, 32.3666666667, 51.65, 6.5666666667], "23": [148.7333333333, 67.8666666667, 36.7, 85.4833333333, 111.2333333333, 31.8, 9.9, 74.75, 105.7833333333, 61.7333333333, 97.4833333333, 96.9333333333, 0.0, 78.7, 59.6333333333, 0.0]}}