{"file": "condition_5", "boxplot_data": {"00": [129.15, 226.7, 72.2333333333, 84.4333333333, 112.8166666667, 107.2333333333, 116.8833333333, 168.1833333333, 61.2833333333, 119.9666666667, 201.0, 122.9, 96.6833333333, 126.0666666667, 0.0], "01": [96.0166666667, 82.0333333333, 2.2333333333, 0.9833333333, 78.0666666667, 89.7333333333, 53.0666666667, 41.2, 119.3333333333, 115.0, 8.6333333333, 35.55, 31.2333333333, 63.8833333333, 0.0], "02": [32.6333333333, 79.5833333333, 70.4333333333, 2.3833333333, 8.25, 104.0166666667, 28.0833333333, 19.0666666667, 79.6, 122.8, 17.7333333333, 42.5833333333, 48.5666666667, 101.6, 0.0], "03": [31.0166666667, 21.2333333333, 40.55, 4.3666666667, 21.8166666667, 12.85, 23.5833333333, 26.6166666667, 87.75, 0.6666666667, 2.0333333333, 0.4666666667, 10.6666666667, 46.3666666667, 0.0], "04": [10.3166666667, 38.9666666667, 28.2666666667, 79.7666666667, 25.1666666667, 27.65, 4.6666666667, 31.1, 35.5833333333, 6.0, 11.1666666667, 5.1833333333, 7.5166666667, 9.8, 0.0], "05": [10.1666666667, 8.1166666667, 83.7333333333, 2.0333333333, 3.4833333333, 18.3166666667, 4.9666666667, 21.0666666667, 12.4166666667, 6.1166666667, 12.4833333333, 4.3166666667, 5.4666666667, 1.75, 0.0], "06": [4.2333333333, 1.1333333333, 3.4333333333, 5.2666666667, 2.8, 8.0833333333, 7.6333333333, 6.1833333333, 23.8666666667, 9.2833333333, 29.3833333333, 19.55, 26.9, 56.4666666667, 0.0], "07": [15.0166666667, 9.8333333333, 9.05, 8.6333333333, 3.45, 13.6666666667, 6.5666666667, 11.9166666667, 6.25, 0.6166666667, 8.5833333333, 26.7333333333, 8.85, 7.5833333333, 152.8], "08": [120.7666666667, 165.7666666667, 11.1, 97.65, 14.1, 1.4, 9.4333333333, 11.5166666667, 14.5333333333, 139.75, 175.4666666667, 16.6833333333, 33.8166666667, 179.05, 13.6511627907], "09": [77.85, 101.8666666667, 15.5666666667, 66.9, 108.7, 190.6333333333, 173.3, 161.3, 138.0, 169.9333333333, 103.8166666667, 207.1166666667, 259.1666666667, 86.6666666667], "10": [9.7333333333, 126.3333333333, 212.55, 153.05, 151.6833333333, 143.6166666667, 77.8166666667, 96.2833333333, 76.1333333333, 123.1166666667, 80.2833333333, 156.4666666667, 110.2833333333, 149.5333333333, 147.1], "11": [5.0833333333, 200.3166666667, 271.4, 214.0166666667, 261.65, 191.7666666667, 170.3166666667, 245.4833333333, 184.2333333333, 261.4166666667, 163.5666666667, 220.2833333333, 163.45, 176.45, 567.0666666667], "12": [109.05, 300.4833333333, 290.45, 310.25, 589.1666666667, 397.5666666667, 497.1166666667, 391.1, 312.6666666667, 336.8, 298.45, 564.7333333333, 363.45, 442.0333333333, 90.0333333333], "13": [273.8666666667, 515.1333333333, 551.4666666667, 451.6166666667, 539.85, 343.3333333333, 488.4, 486.65, 406.85, 1094.9833333333, 267.1833333333, 657.8, 378.15, 528.75, 639.0333333333], "14": [393.6, 968.6166666667, 89.8666666667, 419.6, 116.25, 474.8166666667, 238.5666666667, 545.8666666667, 691.6833333333, 558.1, 222.55, 841.9, 697.0166666667, 331.3333333333, 4.8833333333], "15": [149.4833333333, 662.0166666667, 550.45, 168.35, 41.95, 403.15, 459.7833333333, 253.7666666667, 180.4166666667, 413.6, 214.5166666667, 1210.5333333333, 514.8166666667, 340.7333333333, 3.7333333333], "16": [138.8, 101.2833333333, 102.6333333333, 199.3166666667, 335.8166666667, 200.1333333333, 163.7666666667, 198.1, 94.25, 367.8666666667, 58.2333333333, 392.6166666667, 626.0833333333, 196.9333333333, 0.1333333333], "17": [84.1833333333, 118.2666666667, 412.9666666667, 274.5, 82.4, 0.3166666667, 10.5666666667, 276.3166666667, 1.55, 721.1666666667, 327.2666666667, 245.9, 379.2166666667, 15.8, 23.2833333333], "18": [48.2, 278.4833333333, 288.8833333333, 110.7666666667, 7.1, 105.9166666667, 229.7833333333, 115.4166666667, 8.2833333333, 345.75, 343.7833333333, 0.2166666667, 136.8333333333, 206.9333333333, 0.15], "19": [109.6166666667, 206.6833333333, 289.75, 214.0, 118.2, 104.7833333333, 165.05, 146.8333333333, 133.15, 381.6833333333, 206.9666666667, 214.8833333333, 491.7666666667, 450.15, 0.0], "20": [103.3166666667, 97.0666666667, 257.5833333333, 244.05, 99.75, 399.7333333333, 306.7166666667, 135.25, 113.0333333333, 311.6666666667, 245.5833333333, 456.9666666667, 139.45, 648.6, 0.9833333333], "21": [71.0666666667, 301.9166666667, 133.2666666667, 56.6166666667, 375.05, 46.7333333333, 81.15, 61.9166666667, 383.7166666667, 394.15, 212.8666666667, 152.5333333333, 79.0166666667, 470.3833333333, 0.0], "22": [145.1, 204.8833333333, 169.8, 115.4666666667, 127.5166666667, 224.35, 123.9166666667, 139.7166666667, 175.7666666667, 114.4166666667, 391.3333333333, 166.2333333333, 159.7666666667, 254.9166666667, 0.0], "23": [110.3666666667, 135.4, 112.0, 78.4333333333, 64.4666666667, 103.3666666667, 64.55, 124.2333333333, 123.6, 203.0666666667, 147.35, 169.1166666667, 125.7166666667, 135.75, 5.1]}}