{"file": "condition_10", "boxplot_data": {"00": [15.9833333333, 15.85, 96.7666666667, 19.7666666667, 8.4666666667, 9.7166666667, 33.35, 15.65, 19.25, 17.1333333333, 252.45, 27.8166666667, 24.9166666667, 14.1666666667, 0.0], "01": [5.4666666667, 20.3333333333, 12.2333333333, 6.6666666667, 15.4833333333, 7.7166666667, 20.85, 13.2166666667, 13.2333333333, 43.7, 11.0166666667, 14.9666666667, 14.8666666667, 34.6666666667, 0.0], "02": [27.15, 9.3833333333, 2.1833333333, 13.2333333333, 12.45, 14.2333333333, 5.0166666667, 5.1666666667, 25.9166666667, 15.6, 23.6333333333, 26.4333333333, 18.7333333333, 20.3833333333, 0.0], "03": [10.6833333333, 12.3333333333, 7.45, 9.1666666667, 18.3833333333, 25.4666666667, 18.4333333333, 3.65, 12.6333333333, 30.9833333333, 5.8166666667, 17.9166666667, 4.1666666667, 15.0, 0.0], "04": [7.3333333333, 20.4166666667, 7.05, 9.2, 26.1, 56.0666666667, 20.0666666667, 22.4, 9.8166666667, 36.3666666667, 32.55, 18.1166666667, 20.5666666667, 25.0333333333, 0.0], "05": [9.1333333333, 32.15, 21.7666666667, 15.4833333333, 19.8166666667, 59.4333333333, 26.7, 12.5, 27.2166666667, 20.3, 24.9666666667, 16.4666666667, 11.5833333333, 11.6666666667, 0.0], "06": [5.7666666667, 16.7333333333, 8.6, 42.9166666667, 19.7833333333, 56.4333333333, 20.1, 18.8333333333, 23.5833333333, 19.9166666667, 27.15, 81.0, 33.3833333333, 27.2833333333, 2.85], "07": [213.0333333333, 49.4166666667, 309.7666666667, 243.5333333333, 29.3166666667, 206.2166666667, 246.1833333333, 45.8833333333, 217.8166666667, 41.7833333333, 81.8666666667, 82.1166666667, 46.7666666667, 277.75, 115.9], "08": [531.3, 535.65, 594.3166666667, 668.5666666667, 19.3, 255.0833333333, 280.1666666667, 315.0666666667, 473.9166666667, 245.5833333333, 614.2166666667, 363.6666666667, 322.0, 62.25, 61.0], "09": [402.3833333333, 615.9666666667, 335.0, 664.7666666667, 171.25, 582.8833333333, 377.0, 684.6833333333, 320.1666666667, 210.8833333333, 267.0333333333, 337.7, 322.0, 291.7666666667, 3.45], "10": [734.6166666667, 899.2833333333, 360.7, 683.15, 380.95, 439.3, 578.2666666667, 116.3333333333, 295.0, 254.0, 637.75, 707.4833333333, 238.1, 563.65, 4.9166666667], "11": [454.3166666667, 954.2333333333, 311.4833333333, 471.25, 317.2666666667, 457.95, 406.2666666667, 311.0, 460.1666666667, 676.2333333333, 374.8, 588.3333333333, 207.3166666667, 34.9666666667, 412.3], "12": [805.7666666667, 804.2833333333, 442.85, 428.5833333333, 313.2833333333, 613.5166666667, 752.8166666667, 410.6833333333, 495.7833333333, 550.05, 367.9166666667, 301.5833333333, 799.6333333333, 0.3166666667, 540.9666666667], "13": [809.9166666667, 741.6333333333, 236.6833333333, 329.0, 639.2166666667, 556.2333333333, 601.4666666667, 78.6666666667, 489.3666666667, 633.3, 313.0, 338.8166666667, 755.2166666667, 0.4, 516.3833333333], "14": [551.15, 745.0333333333, 504.7166666667, 582.1333333333, 529.05, 282.8, 456.5, 535.65, 345.0166666667, 400.45, 545.95, 282.8333333333, 420.1833333333, 24.1166666667, 495.6666666667], "15": [629.2666666667, 444.0833333333, 597.1666666667, 823.8166666667, 984.2666666667, 520.6166666667, 404.3833333333, 409.6166666667, 719.3166666667, 252.9166666667, 375.9, 520.7, 490.3666666667, 118.1, 440.8666666667], "16": [696.2666666667, 606.7833333333, 715.1, 463.6333333333, 819.6166666667, 79.75, 964.4333333333, 413.1, 514.3666666667, 421.3833333333, 229.0, 425.1333333333, 475.25, 0.0, 504.8666666667], "17": [807.7, 298.0833333333, 602.45, 259.1, 451.3833333333, 304.3333333333, 563.8333333333, 1184.5333333333, 519.3833333333, 310.4166666667, 229.0, 406.55, 618.65, 2.3833333333, 289.95], "18": [1105.75, 310.7333333333, 599.6833333333, 338.1833333333, 783.1, 342.2833333333, 1125.2166666667, 1119.4833333333, 360.1333333333, 386.2333333333, 229.0, 753.2833333333, 636.1833333333, 9.5833333333, 120.1666666667], "19": [765.9, 262.4333333333, 521.05, 136.6, 800.7833333333, 220.5333333333, 594.7, 676.4, 829.2333333333, 252.0, 229.0, 222.8166666667, 785.0, 0.0, 118.3833333333], "20": [522.0666666667, 288.55, 668.0833333333, 337.6833333333, 350.6333333333, 517.7166666667, 462.1666666667, 660.45, 352.4166666667, 126.0, 229.0, 289.4333333333, 527.6666666667, 3.3833333333, 205.4833333333], "21": [443.2333333333, 503.5166666667, 451.7666666667, 636.7166666667, 406.3833333333, 330.0833333333, 763.4166666667, 330.0833333333, 357.05, 382.4833333333, 229.0, 454.2666666667, 396.2333333333, 0.0, 260.4333333333], "22": [602.7, 442.05, 509.4333333333, 293.6833333333, 381.9333333333, 330.75, 306.9833333333, 56.2666666667, 184.7666666667, 318.1166666667, 140.55, 212.75, 526.05, 2.4833333333, 393.85], "23": [78.2666666667, 72.6833333333, 129.0, 415.55, 8.6666666667, 29.55, 12.5, 30.15, 14.3666666667, 408.0833333333, 18.5166666667, 22.6166666667, 31.35, 0.0, 22.55]}}