{"file": "condition_19", "boxplot_data": {"00": [29.5, 4.0666666667, 116.6833333333, 11.0833333333, 110.4333333333, 24.7333333333, 59.15, 142.25, 46.5833333333, 104.2833333333, 153.35, 10.4833333333, 0.0, 2.7, 54.9166666667], "01": [4.25, 14.4333333333, 2.1833333333, 11.55, 22.5666666667, 11.05, 3.3666666667, 1.5833333333, 19.4166666667, 4.6166666667, 68.7833333333, 9.8, 0.0, 9.6666666667, 18.1166666667], "02": [4.9666666667, 6.8333333333, 18.5333333333, 7.8, 8.3333333333, 11.1666666667, 13.7, 18.7, 2.7333333333, 1.3, 2.5166666667, 14.2, 0.0, 7.3833333333, 3.2], "03": [10.75, 0.5166666667, 16.3333333333, 13.5166666667, 4.5666666667, 13.2666666667, 5.4166666667, 10.05, 10.2, 6.7666666667, 10.9166666667, 15.4166666667, 0.0, 4.0333333333, 2.6], "04": [6.1666666667, 23.6333333333, 4.2, 16.4166666667, 15.1166666667, 12.5666666667, 19.1333333333, 17.65, 8.9, 5.6, 4.7833333333, 11.0333333333, 0.0, 7.8666666667, 0.0], "05": [8.0833333333, 3.1166666667, 5.75, 19.8833333333, 8.6666666667, 14.35, 13.4333333333, 9.15, 11.95, 2.5166666667, 4.35, 6.7166666667, 0.0, 13.6833333333, 5.5166666667], "06": [4.7666666667, 20.55, 140.05, 7.85, 185.7666666667, 121.6166666667, 9.35, 11.35, 50.05, 7.4833333333, 10.5333333333, 40.45, 0.0, 201.5666666667, 12.75], "07": [7.8, 92.6333333333, 145.2166666667, 267.1166666667, 158.7833333333, 84.4333333333, 17.9333333333, 27.7833333333, 427.0833333333, 10.8666666667, 188.8666666667, 240.2, 1.3, 149.9166666667, 26.0333333333], "08": [99.6333333333, 322.4, 104.2, 497.1166666667, 134.25, 138.0333333333, 14.2666666667, 202.9, 155.6166666667, 216.4166666667, 122.2166666667, 126.7, 0.0, 88.8333333333, 8.0666666667], "09": [83.5, 132.5, 166.1166666667, 458.4, 24.0333333333, 159.8, 219.9333333333, 79.1666666667, 283.05, 158.3333333333, 151.7666666667, 165.2833333333, 226.75, 185.05], "10": [43.9333333333, 443.5, 349.8166666667, 661.4833333333, 184.4666666667, 502.1333333333, 107.5666666667, 56.05, 601.45, 167.9166666667, 584.1333333333, 162.4, 324.15, 147.6666666667], "11": [0.55, 333.5833333333, 361.5166666667, 828.7666666667, 199.3166666667, 231.2333333333, 16.35, 57.7833333333, 697.8833333333, 330.4, 211.8666666667, 352.7333333333, 299.2666666667, 10.8], "12": [56.6833333333, 427.0833333333, 303.2833333333, 689.5, 191.1833333333, 201.55, 50.9666666667, 49.4, 359.9166666667, 317.2833333333, 256.3, 297.5333333333, 387.6166666667, 99.3833333333], "13": [92.45, 194.0333333333, 470.6666666667, 804.7, 216.3166666667, 184.5333333333, 86.95, 275.7166666667, 235.7, 604.9333333333, 214.8166666667, 516.05, 202.4, 132.85], "14": [257.4, 243.1333333333, 185.25, 685.0666666667, 192.7333333333, 568.45, 215.15, 332.55, 167.8, 433.1166666667, 197.55, 251.7166666667, 150.0666666667, 593.9333333333, 198.05], "15": [328.1166666667, 320.8166666667, 86.45, 280.0166666667, 81.45, 180.1, 254.8, 72.25, 227.6666666667, 210.7666666667, 304.5833333333, 0.0, 58.45, 99.25, 71.5333333333], "16": [4.4833333333, 340.7333333333, 18.05, 429.75, 187.5833333333, 280.3666666667, 19.15, 47.45, 374.5, 201.4, 268.85, 0.0, 95.5333333333, 238.3333333333, 124.15], "17": [180.9333333333, 443.5833333333, 260.5833333333, 391.9166666667, 309.1, 98.2333333333, 273.6333333333, 132.0666666667, 226.7833333333, 197.6666666667, 231.3666666667, 0.0, 176.8, 164.2833333333, 71.2333333333], "18": [141.0166666667, 296.35, 481.6, 225.2833333333, 527.05, 75.2833333333, 170.25, 207.45, 406.3833333333, 636.7, 572.6833333333, 0.0, 172.6666666667, 133.0666666667, 229.05], "19": [77.9333333333, 247.2, 437.4, 514.8333333333, 445.5166666667, 170.5666666667, 37.3166666667, 77.9333333333, 346.6166666667, 222.8166666667, 428.9833333333, 0.0, 141.0166666667, 135.4, 39.4166666667], "20": [144.0, 626.4333333333, 582.2, 341.65, 524.4833333333, 116.05, 244.3166666667, 24.0166666667, 468.9, 297.1833333333, 262.65, 0.0, 635.9666666667, 157.5833333333, 12.8833333333], "21": [75.9166666667, 479.85, 234.7, 250.6166666667, 191.0666666667, 190.0833333333, 165.4, 33.45, 217.8333333333, 148.7, 133.05, 0.0, 86.5666666667, 100.0, 138.8333333333], "22": [221.0166666667, 117.9833333333, 149.7333333333, 128.0333333333, 89.4333333333, 36.8833333333, 44.5333333333, 32.95, 207.5833333333, 154.2333333333, 154.1333333333, 0.0, 91.7666666667, 58.3, 64.8666666667], "23": [61.5166666667, 122.5166666667, 142.6833333333, 104.3166666667, 116.7166666667, 111.0, 216.6, 21.6, 127.4666666667, 97.4833333333, 132.5166666667, 0.0, 145.1666666667, 45.1666666667, 18.8833333333]}}