{"file": "condition_20", "boxplot_data": {"00": [89.25, 102.05, 2.1, 8.1, 0.0, 0.0, 0.0, 0.0, 0.0, 0.0, 0.0, 0.0, 118.6166666667, 0.0, 66.9333333333, 7.0333333333, 4.9, 0.0], "01": [4.2333333333, 43.0833333333, 1.7333333333, 1.0166666667, 1.3166666667, 11.5833333333, 0.0, 0.0, 0.0, 0.0, 0.0, 0.9166666667, 0.0, 0.0, 3.5333333333, 5.9166666667, 0.0, 1.2666666667], "02": [1.7166666667, 283.7, 3.0333333333, 2.7, 9.6166666667, 9.3166666667, 5.4166666667, 0.0, 0.0, 0.0, 0.0, 0.2333333333, 0.1333333333, 0.6166666667, 24.2833333333, 15.4166666667, 3.6, 3.7666666667], "03": [2.3, 144.05, 0.0, 0.0, 0.05, 0.0, 1.2333333333, 0.0, 0.0, 0.0, 0.0, 2.7166666667, 0.0, 1.55, 0.75, 7.7333333333, 1.5333333333, 1.3666666667], "04": [6.5666666667, 2.85, 0.2333333333, 3.0666666667, 6.3666666667, 6.1166666667, 1.9333333333, 0.0, 0.0, 0.0, 0.0, 8.9166666667, 0.5166666667, 0.0, 36.4333333333, 2.8833333333, 0.75, 8.2833333333], "05": [3.75, 0.4666666667, 2.15, 7.6833333333, 4.6333333333, 0.8333333333, 5.8333333333, 0.0, 0.0, 0.0, 0.0, 11.3, 0.1166666667, 3.3833333333, 4.9166666667, 22.0333333333, 5.2, 0.25], "06": [1.0, 0.0, 5.1, 5.7, 6.1, 31.1333333333, 17.3666666667, 0.0, 0.0, 0.0, 0.0, 7.1333333333, 0.6, 25.3666666667, 7.4666666667, 6.8666666667, 5.3333333333, 7.2666666667], "07": [1.0, 17.9833333333, 86.8333333333, 3.9666666667, 7.0166666667, 3.8333333333, 7.2, 0.0, 0.0, 0.0, 0.35, 7.5333333333, 7.6333333333, 191.1166666667, 33.7333333333, 2.2333333333, 4.4666666667, 35.5333333333], "08": [2.9333333333, 13.5, 175.5833333333, 15.9333333333, 16.8666666667, 11.0666666667, 15.8833333333, 0.0, 0.0, 0.0, 1.4833333333, 114.95, 3.4, 189.45, 126.6333333333, 107.6833333333, 231.2833333333, 83.95], "09": [4.5166666667, 1.4333333333, 109.8833333333, 129.0833333333, 157.2333333333, 124.4, 213.6666666667, 0.0, 0.0, 0.0, 0.0, 45.75, 156.3166666667, 152.4, 43.6, 74.6833333333, 94.1, 121.5166666667], "10": [165.8666666667, 8.15, 92.3666666667, 56.25, 172.3666666667, 69.0666666667, 235.75, 0.0, 0.0, 0.0, 26.5294117647, 144.3333333333, 32.15, 191.8166666667, 76.5333333333, 25.1333333333, 30.1166666667, 166.8166666667], "11": [131.0666666667, 21.85, 15.55, 92.9, 109.6666666667, 66.8166666667, 137.5833333333, 0.0, 0.0, 0.0, 145.3, 299.7833333333, 186.5, 65.55, 354.2666666667, 2.8166666667, 350.0, 131.0833333333], "12": [68.6833333333, 267.8833333333, 107.5833333333, 142.5, 86.4833333333, 135.7, 210.15, 0.0, 0.0, 0.0, 128.6333333333, 48.9, 109.5333333333, 103.4833333333, 128.9166666667, 3.4333333333, 90.75, 38.6666666667], "13": [40.2666666667, 16.8833333333, 41.8333333333, 36.8833333333, 133.4166666667, 85.2, 0.2666666667, 0.0, 0.0, 0.0, 135.4, 147.9666666667, 78.0, 57.6166666667, 59.7333333333, 19.2333333333, 65.4833333333, 103.6333333333], "14": [37.2166666667, 15.3, 62.4833333333, 43.7333333333, 110.2666666667, 34.8, 0.0, 0.0, 0.0, 0.0, 72.0166666667, 194.5333333333, 68.55, 58.35, 124.9833333333, 1.85, 57.25, 41.1333333333], "15": [208.3666666667, 182.9833333333, 108.6333333333, 29.0166666667, 67.7833333333, 28.3, 0.0, 0.0, 0.0, 0.0, 249.7, 89.4166666667, 90.0833333333, 64.75, 88.7333333333, 55.3333333333, 17.5833333333, 168.1], "16": [335.3833333333, 72.95, 169.3166666667, 65.25, 68.0666666667, 165.05, 0.0, 0.0, 0.0, 0.0, 45.9333333333, 48.6166666667, 167.35, 96.4, 114.0666666667, 41.5833333333, 96.5833333333, 76.4333333333], "17": [156.3166666667, 3.0333333333, 51.6666666667, 28.4833333333, 227.5333333333, 76.6333333333, 0.0, 0.0, 0.0, 0.0, 33.9666666667, 131.9, 251.2166666667, 143.8333333333, 45.6333333333, 2.65, 73.9, 77.0166666667], "18": [60.3, 57.7666666667, 47.4, 142.0, 198.4666666667, 283.4833333333, 0.0, 0.0, 0.0, 0.0, 13.55, 223.2, 19.8166666667, 84.8833333333, 285.9333333333, 53.75, 132.1833333333, 484.6], "19": [241.2166666667, 263.4, 80.1166666667, 159.8333333333, 128.5833333333, 54.6166666667, 0.0, 0.0, 0.0, 0.0, 227.4166666667, 50.9, 5.25, 5.0333333333, 110.8666666667, 76.8333333333, 122.0, 61.6166666667], "20": [160.6666666667, 122.15, 38.0833333333, 27.7166666667, 32.9666666667, 14.45, 0.0, 0.0, 0.0, 0.0, 242.4333333333, 44.1333333333, 47.6666666667, 160.1666666667, 211.35, 58.95, 53.45, 91.5833333333], "21": [165.8666666667, 63.4, 41.6333333333, 47.4833333333, 82.1166666667, 43.0, 0.0, 0.0, 0.0, 0.0, 275.3666666667, 97.7, 51.1166666667, 60.7, 125.6166666667, 61.2, 50.2166666667, 124.35], "22": [133.3666666667, 5.2333333333, 21.3, 73.6333333333, 13.55, 87.8333333333, 0.0, 0.0, 0.0, 0.0, 3.9166666667, 0.0, 0.0, 40.7333333333, 53.7166666667, 33.2166666667, 86.0, 88.6166666667], "23": [128.4166666667, 94.15, 122.7333333333, 78.9833333333, 77.3666666667, 9.6666666667, 0.0, 0.0, 0.0, 0.0, 88.1333333333, 12.8833333333, 76.7833333333, 33.5666666667, 59.8333333333, 87.1166666667, 97.3, 7.0]}}