{"file": "condition_15", "boxplot_data": {"00": [37.2, 9.1, 127.5166666667, 68.5166666667, 26.8666666667, 77.5666666667, 14.4166666667, 68.75, 56.7, 59.8666666667, 44.1833333333, 184.1833333333, 66.5, 0.0, 17.9666666667], "01": [2.15, 8.9166666667, 66.2166666667, 8.6, 5.0833333333, 3.9333333333, 12.8333333333, 24.15, 32.45, 48.8, 47.4166666667, 94.05, 52.0833333333, 0.0, 3.7333333333], "02": [16.2666666667, 5.3833333333, 5.8666666667, 10.75, 13.3333333333, 8.55, 1.0333333333, 34.2166666667, 18.2333333333, 81.3666666667, 66.3833333333, 17.5833333333, 10.05, 0.0, 18.1833333333], "03": [7.45, 1.8333333333, 0.9666666667, 3.7, 5.55, 3.6666666667, 9.1333333333, 22.25, 7.8166666667, 37.7666666667, 41.3166666667, 6.15, 6.45, 0.0, 3.4833333333], "04": [9.2, 2.9333333333, 18.3166666667, 5.65, 11.05, 9.6666666667, 6.2833333333, 6.8, 7.2333333333, 16.5666666667, 1.7, 14.3, 12.0166666667, 0.0, 13.5], "05": [11.7, 16.5666666667, 6.5166666667, 8.5333333333, 16.1166666667, 3.65, 5.9, 2.2, 11.35, 4.5, 10.6666666667, 0.0, 0.0, 0.0, 11.2666666667], "06": [14.9333333333, 51.1833333333, 13.2166666667, 4.9166666667, 18.5, 27.4666666667, 17.9833333333, 85.0333333333, 579.6166666667, 11.9666666667, 8.8333333333, 24.2833333333, 21.65, 0.0, 24.0], "07": [540.1166666667, 786.5833333333, 20.1166666667, 12.9, 24.4333333333, 3.7666666667, 8.6166666667, 27.85, 319.5, 8.5833333333, 4.4333333333, 594.6833333333, 21.5833333333, 71.0666666667, 717.3333333333], "08": [303.4833333333, 185.8833333333, 8.8833333333, 9.8, 26.6, 5.5, 3.6666666667, 13.4333333333, 228.5833333333, 0.0, 9.6833333333, 383.0333333333, 613.6666666667, 1.1333333333, 446.7666666667], "09": [168.4666666667, 260.2333333333, 21.2333333333, 9.25, 23.2833333333, 7.8833333333, 6.2, 18.2333333333, 136.3, 10.2166666667, 17.7166666667, 141.7, 417.4833333333, 2.9666666667, 204.5], "10": [73.55, 150.4166666667, 19.2666666667, 44.4333333333, 10.1833333333, 12.05, 5.6166666667, 12.7, 156.9333333333, 57.7, 5.1333333333, 169.0666666667, 35.4833333333, 2.15, 259.5166666667, 188.5666666667], "11": [189.1166666667, 270.6166666667, 4.3833333333, 133.2, 62.5833333333, 2.6, 30.3333333333, 7.7166666667, 188.3666666667, 402.9833333333, 194.9, 217.25, 0.0, 4.8833333333, 566.15, 231.15], "12": [123.4, 211.7666666667, 330.3666666667, 178.2333333333, 9.65, 27.0666666667, 19.75, 10.1666666667, 169.1666666667, 430.2333333333, 178.45, 225.7833333333, 0.0, 0.4833333333, 350.95, 124.2333333333], "13": [78.9, 362.75, 182.9166666667, 86.0, 11.6, 14.4333333333, 41.9166666667, 10.6833333333, 167.6666666667, 56.0, 740.75, 145.3, 0.0, 4.4081632653, 224.4666666667, 164.6833333333], "14": [107.2833333333, 1099.25, 171.55, 126.0333333333, 5.6833333333, 34.2, 145.8333333333, 14.9833333333, 374.5666666667, 178.3333333333, 179.95, 267.7, 152.5166666667, 235.3166666667, 134.4666666667], "15": [173.6166666667, 170.8333333333, 14.05, 104.4833333333, 13.6666666667, 10.55, 18.0833333333, 10.95, 204.7, 120.25, 214.0666666667, 344.1, 29.45, 339.4666666667, 240.6333333333], "16": [190.9333333333, 252.7333333333, 167.1666666667, 251.4833333333, 7.9666666667, 11.15, 200.9166666667, 28.3833333333, 100.7, 37.7666666667, 236.8666666667, 176.15, 27.5666666667, 242.6333333333, 249.8166666667], "17": [265.6333333333, 403.8, 68.3833333333, 133.95, 165.5666666667, 398.2166666667, 373.6333333333, 138.9333333333, 163.1, 64.2333333333, 214.45, 46.7833333333, 0.0, 53.6, 171.4833333333], "18": [109.3, 217.9, 314.5166666667, 137.8, 50.45, 96.45, 201.7166666667, 186.6333333333, 235.5666666667, 184.8333333333, 238.8666666667, 5.6166666667, 0.0, 3.35, 410.35], "19": [188.6333333333, 442.3, 198.4666666667, 98.8333333333, 97.6, 95.7333333333, 104.2666666667, 36.1833333333, 288.4833333333, 139.2166666667, 227.8333333333, 22.0666666667, 0.0, 43.3666666667, 213.65], "20": [194.95, 175.65, 98.0166666667, 45.5, 49.9, 35.9, 133.0666666667, 102.1666666667, 335.0333333333, 192.65, 326.0, 105.3833333333, 0.0, 91.15, 176.0], "21": [107.3833333333, 119.9333333333, 59.6666666667, 37.0833333333, 93.5166666667, 138.0, 244.7833333333, 41.4333333333, 98.4, 53.8333333333, 115.4166666667, 131.0166666667, 0.3833333333, 106.4333333333, 235.1166666667], "22": [242.4166666667, 301.7, 83.4833333333, 158.1333333333, 91.3, 138.5333333333, 20.4833333333, 75.5833333333, 157.1, 65.8666666667, 114.3166666667, 221.2666666667, 0.0666666667, 142.7833333333, 68.1333333333], "23": [3.4666666667, 305.5666666667, 116.7833333333, 215.9166666667, 58.9833333333, 88.0166666667, 68.2166666667, 45.2666666667, 51.1666666667, 52.8333333333, 186.9333333333, 109.05, 8.6, 77.7333333333, 146.3333333333]}}