{"file": "condition_3", "boxplot_data": {"00": [551.0833333333, 271.8833333333, 159.6166666667, 73.4666666667, 240.0333333333, 124.2333333333, 70.7666666667, 287.9166666667, 242.6333333333, 4.85, 8.0833333333, 366.85, 165.4, 305.35, 295.5833333333], "01": [88.3666666667, 171.75, 148.65, 34.5833333333, 134.6666666667, 68.6166666667, 4.9333333333, 332.1, 242.8833333333, 15.6666666667, 20.0833333333, 171.1, 89.7833333333, 146.8333333333, 86.2666666667], "02": [143.1166666667, 225.9, 110.3666666667, 8.0, 6.85, 5.7, 62.3166666667, 138.1333333333, 178.3166666667, 20.5166666667, 58.3833333333, 84.25, 7.7833333333, 240.7333333333, 4.6333333333], "03": [6.55, 96.0833333333, 76.7333333333, 8.0, 11.7833333333, 8.1833333333, 21.2833333333, 57.8666666667, 118.7666666667, 57.65, 11.7, 67.8, 68.9333333333, 142.55, 17.8], "04": [10.8833333333, 5.2, 20.0833333333, 8.0, 11.3666666667, 24.55, 14.1333333333, 17.8333333333, 35.2166666667, 7.3833333333, 13.0833333333, 54.4333333333, 8.2, 22.4, 108.7833333333], "05": [15.2833333333, 63.6333333333, 20.1166666667, 8.0, 11.35, 9.8, 7.9666666667, 21.4833333333, 56.9166666667, 5.7833333333, 47.3, 10.3833333333, 11.85, 57.1833333333, 19.5833333333], "06": [75.8166666667, 6.2, 10.95, 8.0, 58.0, 16.8, 18.0166666667, 41.8166666667, 29.0166666667, 10.3333333333, 7.9, 73.0166666667, 71.3833333333, 8.4166666667, 8.3333333333], "07": [6.6, 10.9833333333, 8.6333333333, 8.0, 15.75, 16.4166666667, 33.7333333333, 35.35, 14.4166666667, 180.2666666667, 22.1833333333, 11.0833333333, 19.9833333333, 8.1833333333, 29.2], "08": [18.4, 24.55, 20.2666666667, 8.0833333333, 16.0833333333, 65.4333333333, 52.2333333333, 21.3333333333, 10.6666666667, 346.7333333333, 29.7166666667, 13.7, 15.65, 26.7, 23.45], "09": [17.15, 12.9833333333, 17.7833333333, 318.1666666667, 297.1666666667, 106.1166666667, 452.55, 104.9333333333, 297.15, 314.4833333333, 123.3666666667, 117.0833333333, 30.7666666667, 16.85, 18.7666666667], "10": [29.2833333333, 280.6833333333, 196.6, 505.1, 283.05, 16.45, 355.3666666667, 301.9, 398.6666666667, 508.55, 293.1833333333, 268.1666666667, 77.0333333333, 4.9, 86.8333333333], "11": [106.4666666667, 744.1166666667, 193.9833333333, 259.45, 252.1833333333, 50.3, 375.2, 238.6166666667, 703.75, 672.4166666667, 444.0666666667, 61.8833333333, 211.0666666667, 5.8666666667, 216.4333333333], "12": [608.8333333333, 617.2666666667, 141.2833333333, 320.9833333333, 195.7166666667, 234.6333333333, 678.5166666667, 369.5333333333, 756.6666666667, 629.55, 350.5333333333, 688.8, 223.25, 111.9833333333, 727.05], "13": [756.8333333333, 495.45, 115.5833333333, 393.0333333333, 451.4666666667, 45.95, 482.0333333333, 854.2166666667, 378.6333333333, 346.9, 859.6166666667, 329.0333333333, 315.8666666667, 838.0166666667, 485.1833333333], "14": [679.7166666667, 311.8333333333, 5.7333333333, 441.7833333333, 273.1, 206.1166666667, 503.8666666667, 603.2666666667, 762.7333333333, 545.6333333333, 259.85, 695.4166666667, 588.8833333333, 621.5666666667, 579.45], "15": [1123.6333333333, 1068.15, 29.0208333333, 8.4666666667, 1043.3333333333, 396.45, 445.3666666667, 606.0, 905.0166666667, 976.4, 560.0833333333, 1192.75, 657.15, 438.0333333333, 500.65, 555.1166666667], "16": [987.3666666667, 699.2333333333, 13.3, 608.8333333333, 389.3333333333, 539.9666666667, 823.4166666667, 379.7666666667, 453.05, 706.8166666667, 404.2166666667, 396.05, 456.0333333333, 593.3166666667, 591.4333333333], "17": [836.0333333333, 663.95, 7.9666666667, 679.7, 270.6166666667, 334.1, 492.8833333333, 189.7833333333, 441.2166666667, 507.6, 527.0166666667, 623.3833333333, 334.0166666667, 706.7, 616.8666666667], "18": [568.25, 500.8, 28.4, 326.1166666667, 279.4333333333, 453.7833333333, 641.0, 5.2166666667, 424.7, 325.1, 39.8333333333, 250.0333333333, 244.3666666667, 968.9166666667, 1198.95], "19": [609.1333333333, 246.85, 8.0, 169.8666666667, 86.8333333333, 336.45, 456.25, 14.3, 189.3333333333, 447.5166666667, 140.2166666667, 394.1666666667, 202.4, 1401.0333333333, 214.3], "20": [712.7833333333, 574.8, 8.0, 329.95, 548.7166666667, 380.8, 487.2666666667, 242.1166666667, 93.4333333333, 338.1, 43.3, 266.9, 600.4, 255.9833333333, 574.4333333333], "21": [255.0833333333, 537.3, 8.0, 559.4333333333, 147.45, 1147.1666666667, 274.9333333333, 266.1833333333, 4.9166666667, 194.6833333333, 48.6, 473.2, 253.4833333333, 442.4333333333, 736.6], "22": [598.9166666667, 454.8, 8.0, 241.65, 123.7166666667, 270.0333333333, 289.4, 160.6, 15.1833333333, 42.6833333333, 121.8833333333, 217.85, 139.5666666667, 415.3833333333, 566.8333333333], "23": [448.2666666667, 242.7333333333, 8.0, 272.4, 154.6, 411.7666666667, 588.55, 87.8, 31.8666666667, 328.0166666667, 107.0833333333, 105.9166666667, 176.1333333333, 340.9666666667, 452.8166666667]}}