{"file": "condition_9", "boxplot_data": {"00": [180.9833333333, 222.9, 137.1333333333, 148.8833333333, 55.5166666667, 243.1666666667, 158.6166666667, 138.4833333333, 68.1666666667, 182.1333333333, 49.2666666667, 179.0, 76.5333333333, 38.4], "01": [170.7666666667, 112.4666666667, 17.8, 48.25, 210.0666666667, 116.4666666667, 8.1166666667, 27.0, 30.6166666667, 12.8833333333, 14.0166666667, 71.65, 260.4, 24.4333333333], "02": [34.8166666667, 29.5333333333, 17.5666666667, 33.2333333333, 5.2166666667, 8.6, 34.4166666667, 25.6833333333, 5.8666666667, 17.6833333333, 24.0166666667, 25.7333333333, 458.4166666667, 7.4], "03": [19.1333333333, 12.3666666667, 8.2, 15.5333333333, 28.3666666667, 19.9666666667, 10.4166666667, 19.0666666667, 53.0, 33.4333333333, 34.8333333333, 19.6666666667, 11.0666666667, 17.7666666667], "04": [17.15, 13.6166666667, 41.3666666667, 30.8166666667, 30.6833333333, 14.6333333333, 9.2833333333, 20.3333333333, 25.9166666667, 35.8666666667, 20.65, 29.7666666667, 14.2666666667, 8.2666666667], "05": [34.5, 8.2333333333, 7.2333333333, 19.3, 21.9333333333, 27.6166666667, 32.8, 16.1833333333, 16.8, 14.9, 14.45, 7.0833333333, 14.8833333333, 15.3666666667], "06": [19.7833333333, 12.85, 13.6333333333, 8.9, 16.6, 17.3, 12.0166666667, 36.0, 14.0166666667, 93.0333333333, 15.6, 8.8, 28.9666666667, 100.6166666667], "07": [11.95, 165.9166666667, 11.1833333333, 11.7666666667, 9.1333333333, 24.5333333333, 158.5333333333, 168.3333333333, 17.0333333333, 83.6166666667, 273.4833333333, 14.7, 21.45, 65.6833333333], "08": [157.9666666667, 190.2833333333, 112.1333333333, 247.9166666667, 145.05, 13.7666666667, 55.55, 81.7666666667, 148.4833333333, 192.3833333333, 469.55, 11.3333333333, 9.0833333333, 17.6166666667], "09": [262.4833333333, 64.35, 165.5333333333, 317.15, 33.5, 284.2666666667, 237.4, 201.65, 71.75, 499.2166666667, 481.3, 289.0, 209.6, 7.2833333333], "10": [646.95, 44.2333333333, 284.7166666667, 524.55, 184.3833333333, 137.5, 700.8666666667, 598.6833333333, 316.6, 42.8833333333, 408.9666666667, 127.8833333333, 122.3333333333, 285.4333333333], "11": [212.1, 8.7333333333, 690.6833333333, 490.8666666667, 479.9666666667, 222.7833333333, 715.6666666667, 286.1166666667, 685.6, 0.0, 79.5166666667, 298.5166666667, 240.0333333333, 210.7666666667], "12": [657.9333333333, 88.7166666667, 487.4333333333, 180.9166666667, 404.5, 262.4833333333, 613.4666666667, 366.5166666667, 287.9, 14.6, 270.9, 66.9, 436.9333333333, 164.3666666667, 267.2333333333], "13": [266.9333333333, 303.6333333333, 250.8333333333, 179.7666666667, 272.4166666667, 169.7, 554.25, 544.1166666667, 244.3333333333, 511.3166666667, 592.35, 91.9833333333, 211.2333333333, 307.9333333333, 271.3833333333], "14": [102.95, 565.4333333333, 129.0166666667, 123.6, 211.5333333333, 96.1666666667, 253.7833333333, 278.7166666667, 127.3166666667, 7.7333333333, 564.1166666667, 67.0666666667, 10.6, 118.5833333333, 249.9666666667], "15": [21.0166666667, 711.7666666667, 20.1333333333, 284.7666666667, 25.1666666667, 70.7666666667, 212.65, 448.0333333333, 53.4666666667, 56.75, 170.25, 143.6, 88.55, 78.35, 60.7], "16": [133.8166666667, 167.75, 280.5166666667, 11.8, 131.6333333333, 371.9333333333, 69.7666666667, 266.85, 34.45, 284.7, 230.3833333333, 178.9166666667, 532.95, 261.1833333333], "17": [371.2833333333, 197.9166666667, 59.5833333333, 59.8, 39.5333333333, 495.4333333333, 291.7166666667, 113.4166666667, 546.7666666667, 115.95, 197.5166666667, 674.4333333333, 548.1, 408.1833333333], "18": [268.0, 182.3666666667, 657.3333333333, 296.2166666667, 131.9333333333, 98.0333333333, 322.3833333333, 320.5666666667, 344.0333333333, 475.2333333333, 301.4833333333, 275.6, 75.1, 299.9666666667], "19": [90.8666666667, 170.7166666667, 96.2, 300.6833333333, 193.5333333333, 139.8333333333, 178.8666666667, 93.7166666667, 131.8666666667, 87.0333333333, 176.8, 359.85, 77.5666666667, 99.9833333333], "20": [222.9, 394.55, 353.8166666667, 277.0333333333, 160.8833333333, 525.5, 236.0833333333, 272.65, 208.1, 272.8833333333, 311.6, 351.7333333333, 465.6166666667, 168.1666666667], "21": [247.8, 494.25, 174.35, 423.4666666667, 185.9, 206.6166666667, 192.65, 231.5666666667, 382.0, 445.0333333333, 175.6, 281.0, 159.5833333333, 102.3333333333], "22": [179.9, 255.6666666667, 160.2833333333, 275.0833333333, 17.8, 154.0666666667, 119.9833333333, 141.6, 148.7166666667, 246.6666666667, 151.4, 196.5, 240.6166666667, 135.9166666667], "23": [233.1666666667, 185.8666666667, 170.9666666667, 78.6333333333, 83.2333333333, 173.9666666667, 208.9166666667, 152.3, 84.95, 165.8166666667, 281.75, 132.45, 254.3333333333, 92.2833333333]}}