{"file": "condition_14", "boxplot_data": {"00": [1.5, 0.0, 2.5833333333, 15.6666666667, 174.5, 1.6166666667, 0.0, 160.95, 0.3, 2.9666666667, 1.9333333333, 0.1833333333, 0.3166666667, 3.65, 2.0333333333], "01": [0.3166666667, 0.0, 21.4166666667, 6.55, 76.7666666667, 0.5833333333, 0.7333333333, 176.95, 0.85, 0.0, 0.2833333333, 2.5333333333, 5.95, 0.2833333333, 1.5666666667], "02": [164.3166666667, 0.0, 235.6333333333, 126.1666666667, 3.4333333333, 188.0, 1.5166666667, 162.7333333333, 0.1833333333, 0.9166666667, 0.1833333333, 183.5833333333, 201.8833333333, 90.8666666667, 117.9333333333], "03": [150.7833333333, 0.0, 295.0, 110.6666666667, 10.4666666667, 94.55, 201.9666666667, 285.6666666667, 7.0166666667, 123.3, 201.1, 43.6, 85.8, 166.55, 73.8], "04": [133.45, 0.0, 49.3, 24.5166666667, 20.25, 35.6, 71.6333333333, 111.5833333333, 197.7333333333, 123.85, 114.2333333333, 144.85, 95.5166666667, 27.25, 103.0333333333], "05": [49.9833333333, 0.0, 240.0166666667, 63.95, 7.5, 136.45, 101.8166666667, 19.1, 50.6666666667, 42.0166666667, 133.0333333333, 31.9, 75.15, 286.45, 42.0666666667], "06": [66.0, 0.0, 410.4, 64.3, 172.3833333333, 131.4666666667, 27.45, 204.7333333333, 99.2, 124.65, 127.75, 102.2, 86.0333333333, 200.1, 91.8666666667], "07": [161.5166666667, 68.25, 219.2166666667, 34.1333333333, 78.2, 42.6833333333, 65.15, 106.0333333333, 82.1166666667, 88.45, 227.7, 120.6166666667, 96.65, 61.0166666667, 19.0833333333], "08": [133.3, 0.6166666667, 31.1166666667, 21.0833333333, 129.05, 191.95, 50.8666666667, 91.7166666667, 92.4666666667, 325.6666666667, 54.4333333333, 20.9333333333, 96.1, 241.0833333333, 2.4666666667], "09": [234.0166666667, 0.2833333333, 260.9666666667, 66.1166666667, 165.4833333333, 34.5, 92.05, 18.55, 210.3333333333, 157.7, 279.2666666667, 102.6166666667, 11.9333333333, 155.2666666667, 176.9], "10": [193.3166666667, 2.6333333333, 192.9666666667, 504.6666666667, 56.5333333333, 101.75, 86.0666666667, 185.05, 182.8333333333, 38.2, 458.35, 88.3166666667, 140.2666666667, 74.0666666667, 119.3333333333, 26.15], "11": [109.5666666667, 0.375, 442.5, 392.8833333333, 72.2833333333, 134.6833333333, 195.2333333333, 250.65, 74.95, 59.4666666667, 408.2666666667, 239.9, 57.8833333333, 2.4166666667, 119.4, 169.9], "12": [5.0666666667, 719.4166666667, 307.55, 421.95, 10.9, 173.0666666667, 96.6166666667, 136.1833333333, 96.0666666667, 132.7833333333, 51.5166666667, 88.4, 76.2833333333, 60.8, 126.8333333333], "13": [131.1, 99.0333333333, 126.9, 130.6833333333, 1.6333333333, 91.4833333333, 117.55, 60.2333333333, 127.3166666667, 103.5666666667, 192.8833333333, 132.8, 11.0, 14.3666666667, 42.5], "14": [0.5, 78.7666666667, 62.6166666667, 25.1666666667, 52.8833333333, 43.9, 149.6, 56.2166666667, 1.4666666667, 10.4333333333, 156.65, 0.5833333333, 39.0166666667, 169.2666666667, 44.4666666667], "15": [25.8833333333, 212.5166666667, 36.45, 46.1833333333, 9.1, 52.8333333333, 24.2666666667, 38.7, 67.4333333333, 148.4, 67.9333333333, 37.9, 88.3166666667, 20.9, 53.15], "16": [0.2333333333, 92.15, 31.45, 0.4166666667, 93.2333333333, 13.5833333333, 55.1166666667, 18.9666666667, 10.7666666667, 0.5833333333, 0.05, 26.4166666667, 36.1, 5.5333333333, 51.75], "17": [0.0, 117.3833333333, 49.1166666667, 72.3333333333, 0.8333333333, 8.2, 29.8166666667, 18.5833333333, 1.6166666667, 36.4166666667, 1.1166666667, 34.65, 36.6333333333, 22.9666666667, 20.5833333333], "18": [0.0, 99.3, 84.1333333333, 23.95, 39.4, 43.45, 25.95, 58.2666666667, 84.8833333333, 92.3, 34.9333333333, 25.8333333333, 7.5, 0.7333333333, 90.3], "19": [1.3166666667, 121.4166666667, 7.5666666667, 9.95, 2.4, 19.75, 60.0833333333, 29.4833333333, 36.7333333333, 31.9166666667, 38.6666666667, 11.8333333333, 44.3, 21.55, 26.6166666667], "20": [7.6333333333, 57.0, 53.3833333333, 1.5333333333, 10.2, 44.1833333333, 38.3333333333, 32.5, 3.0333333333, 5.0333333333, 17.85, 15.4166666667, 11.75, 17.6333333333, 11.95], "21": [0.0, 14.5333333333, 20.4, 0.4, 40.15, 11.2666666667, 2.1333333333, 6.3333333333, 23.55, 5.1, 0.8333333333, 59.8833333333, 5.7166666667, 16.4166666667, 22.3833333333], "22": [2.9666666667, 0.0, 1.15, 0.8833333333, 2.6, 28.9666666667, 19.0166666667, 0.15, 25.4333333333, 0.35, 1.4333333333, 0.0, 0.25, 1.85, 0.0], "23": [0.0, 16.2166666667, 0.7166666667, 78.35, 0.0, 0.0, 0.0, 39.3333333333, 0.0833333333, 30.6833333333, 30.0666666667, 0.0, 31.8, 1.0166666667, 0.7666666667]}}