{"file": "condition_17", "boxplot_data": {"00": [183.6, 162.9, 182.6666666667, 216.4666666667, 70.0333333333, 233.0333333333, 16.8833333333, 223.4, 133.4666666667, 112.0166666667, 43.6833333333, 75.9, 282.0333333333, 134.8833333333, 0.0], "01": [4.3666666667, 38.8166666667, 68.7, 60.9, 63.8833333333, 22.9166666667, 6.1666666667, 24.8166666667, 106.2666666667, 39.7666666667, 147.2833333333, 77.3666666667, 8.4666666667, 0.0, 0.0], "02": [14.1333333333, 14.0833333333, 42.9333333333, 4.8166666667, 60.45, 5.7, 4.7166666667, 7.7166666667, 11.15, 3.6666666667, 45.2666666667, 166.5, 10.5833333333, 1.5333333333, 0.0], "03": [12.5666666667, 21.45, 27.0166666667, 22.0333333333, 109.1833333333, 1.5833333333, 6.8333333333, 11.1333333333, 1.8833333333, 5.95, 57.5833333333, 5.65, 10.2, 4.8333333333, 0.0], "04": [6.3166666667, 17.3666666667, 4.1, 12.2166666667, 20.7166666667, 6.5833333333, 1.5, 13.1, 6.2, 5.5333333333, 7.7333333333, 5.7, 12.9833333333, 4.35, 0.0], "05": [7.85, 16.7166666667, 27.8, 7.7833333333, 65.95, 5.7166666667, 0.0, 9.0166666667, 11.8666666667, 0.1333333333, 4.9, 6.4666666667, 13.4833333333, 3.4, 0.0], "06": [6.0833333333, 6.6333333333, 0.2166666667, 12.5833333333, 59.2333333333, 3.3333333333, 10.0166666667, 1.85, 1.5166666667, 1.7666666667, 6.9333333333, 14.1166666667, 7.1833333333, 2.6666666667, 5.3666666667], "07": [4.7833333333, 85.1, 6.25, 0.5166666667, 62.45, 11.6333333333, 106.9, 13.0333333333, 7.1666666667, 1.7166666667, 11.5833333333, 3.15, 12.8, 113.1166666667, 239.5], "08": [7.3666666667, 133.6333333333, 21.6, 1.65, 6.4333333333, 2.25, 225.3833333333, 0.55, 18.5, 3.7833333333, 4.7, 2.45, 9.3, 69.5166666667, 12.4761904762], "09": [52.6666666667, 143.1833333333, 58.7666666667, 9.8166666667, 16.8166666667, 0.6166666667, 88.4166666667, 150.3333333333, 20.0666666667, 114.95, 55.8833333333, 12.3833333333, 10.0833333333, 82.1, 274.8666666667], "10": [161.0166666667, 113.9333333333, 98.9666666667, 7.1666666667, 11.9666666667, 4.1166666667, 192.7333333333, 145.5333333333, 204.05, 61.15, 104.1333333333, 16.3, 22.5833333333, 103.5666666667, 168.6833333333], "11": [46.5, 165.7833333333, 48.3833333333, 70.85, 145.9833333333, 134.7833333333, 196.1666666667, 91.5666666667, 69.6333333333, 195.0166666667, 297.1333333333, 138.6666666667, 4.9, 231.3666666667, 26.5833333333], "12": [63.0666666667, 176.9, 56.3333333333, 145.8166666667, 97.85, 124.4, 138.8333333333, 60.5333333333, 297.3, 121.0, 198.8833333333, 225.3666666667, 122.75, 219.8833333333, 22.8], "13": [135.5166666667, 124.7166666667, 57.8666666667, 185.65, 241.5666666667, 120.9166666667, 187.4333333333, 69.1666666667, 171.4666666667, 264.55, 206.0666666667, 245.7666666667, 103.7, 135.6166666667, 0.0], "14": [135.15, 226.35, 145.1166666667, 111.6666666667, 128.5833333333, 195.7333333333, 63.7, 125.9666666667, 118.8666666667, 128.0333333333, 340.0, 199.6833333333, 261.2, 110.3, 8.15], "15": [165.6833333333, 136.45, 51.5166666667, 224.8, 94.5333333333, 143.4666666667, 208.6333333333, 245.0666666667, 114.4333333333, 117.75, 182.15, 193.5333333333, 159.1166666667, 180.7, 1046.0166666667], "16": [68.9333333333, 131.4666666667, 136.4833333333, 87.8833333333, 63.2, 111.85, 119.0333333333, 47.9166666667, 83.85, 128.8, 294.3, 151.0166666667, 103.1166666667, 90.7166666667, 0.0], "17": [85.1166666667, 208.8666666667, 53.8666666667, 48.8333333333, 66.7166666667, 92.8, 82.7, 93.5, 191.0333333333, 41.6, 102.7, 66.2166666667, 142.7166666667, 216.3333333333, 3.9], "18": [151.6333333333, 114.0333333333, 62.35, 143.3833333333, 214.5, 96.6666666667, 95.7, 93.9333333333, 117.2333333333, 61.7833333333, 130.0166666667, 87.1166666667, 139.8666666667, 133.75, 0.0], "19": [121.55, 31.3666666667, 119.4166666667, 40.8333333333, 105.25, 129.55, 100.1833333333, 125.7, 115.2833333333, 96.2166666667, 78.8833333333, 115.05, 217.7833333333, 219.8, 11.2], "20": [81.1166666667, 70.0333333333, 53.7333333333, 118.2833333333, 70.0, 142.7666666667, 70.5833333333, 135.1333333333, 145.8166666667, 68.9, 103.2166666667, 58.3333333333, 78.95, 249.1333333333, 0.0], "21": [81.1333333333, 34.0333333333, 42.2666666667, 97.0666666667, 65.8166666667, 121.4, 98.6333333333, 70.8833333333, 148.6833333333, 139.75, 86.2333333333, 112.4833333333, 139.55, 46.7, 2.8166666667], "22": [69.6166666667, 77.5, 54.05, 40.2166666667, 79.9666666667, 51.8333333333, 239.65, 59.2, 208.8333333333, 142.0666666667, 62.4666666667, 100.6666666667, 74.9166666667, 55.1333333333, 0.0], "23": [45.6, 26.0333333333, 58.8333333333, 44.45, 60.8333333333, 64.35, 125.8833333333, 88.4, 93.9166666667, 40.9, 74.0333333333, 79.25, 211.0666666667, 59.95, 0.0]}}