{"file": "condition_16", "boxplot_data": {"00": [232.9333333333, 0.1833333333, 7.3166666667, 15.9833333333, 5.95, 189.0833333333, 6.7, 200.15, 28.5166666667, 0.0, 0.0, 0.0, 0.0, 0.0, 0.0, 0.0, 0.0, 1.4, 1.15, 2.95, 3.0, 3.0833333333, 2.1666666667, 200.4, 34.7, 5.5666666667, 276.1666666667, 3.4, 0.5], "01": [77.9333333333, 6.65, 2.35, 7.4833333333, 9.3, 8.8833333333, 4.8333333333, 1.3666666667, 0.0, 0.0, 0.0, 0.0, 0.0, 0.0, 0.0, 0.0, 0.0, 0.0, 0.0, 2.7, 3.0, 1.0833333333, 4.1333333333, 1.2666666667, 1.5, 7.4166666667, 1.5166666667, 4.9, 13.0666666667], "02": [4.3166666667, 3.1, 2.1666666667, 6.6833333333, 5.4666666667, 0.0, 2.6333333333, 5.4166666667, 0.0, 0.0, 0.0, 0.0, 0.0, 0.0, 0.0, 0.0, 0.0, 0.0, 0.0, 3.0, 3.0, 3.8833333333, 0.0, 0.3833333333, 2.5333333333, 0.9666666667, 0.8166666667, 4.7166666667, 4.65], "03": [10.1833333333, 15.8166666667, 2.1333333333, 6.5333333333, 4.2666666667, 2.3166666667, 6.05, 3.6666666667, 0.0, 0.0, 0.0, 0.0, 0.0, 0.0, 0.0, 0.0, 0.0, 0.0, 0.0, 3.0, 3.0, 7.25, 45.3666666667, 3.1333333333, 0.3333333333, 7.85, 0.8666666667, 2.2, 23.1], "04": [5.8833333333, 4.1333333333, 2.5, 6.5666666667, 1.9833333333, 5.9, 1.2166666667, 3.2166666667, 0.0, 0.0, 0.0, 0.0, 0.0, 0.0, 0.25, 2.05, 0.0, 0.0, 0.0, 3.0, 3.0, 0.5666666667, 19.4833333333, 5.55, 1.5166666667, 3.2333333333, 3.65, 5.8666666667, 18.8166666667], "05": [3.5833333333, 5.2666666667, 1.2166666667, 4.3666666667, 5.8166666667, 3.5333333333, 7.2166666667, 4.5166666667, 0.0, 0.0, 0.0, 0.0, 0.0, 0.0, 2.6, 2.65, 0.2, 0.0, 0.95, 3.0, 3.0, 1.8333333333, 7.2, 2.3333333333, 5.0333333333, 3.7166666667, 2.1333333333, 6.0333333333, 15.25], "06": [2.9, 4.7166666667, 2.9666666667, 3.05, 5.5333333333, 10.3, 1.35, 6.5, 0.0, 0.0, 0.0, 0.0, 0.0, 0.0, 0.15, 0.0, 1.15, 0.0, 3.1166666667, 3.0, 3.0, 1.6166666667, 8.4, 6.7833333333, 19.0, 5.75, 12.4166666667, 4.4, 10.6666666667], "07": [44.4666666667, 17.25, 11.6666666667, 26.3, 7.95, 9.3666666667, 25.7833333333, 5.4333333333, 0.0, 0.0, 0.0, 0.0, 0.0, 0.0, 0.0, 0.0, 0.5, 0.0, 3.0, 3.0, 83.7833333333, 8.6, 2.5166666667, 2.3666666667, 11.2, 5.6833333333, 21.5833333333, 67.5333333333, 29.4833333333], "08": [29.85, 125.3, 311.6666666667, 152.0666666667, 321.2166666667, 67.3, 262.0666666667, 28.2833333333, 0.0, 0.9666666667, 0.0, 0.0, 0.0, 0.0, 0.1, 0.0, 0.45, 0.0, 3.0, 3.0, 2.25, 287.9833333333, 125.15, 86.8666666667, 190.6333333333, 192.8333333333, 39.2166666667, 518.45, 24.0833333333], "09": [183.15, 496.4, 224.5166666667, 136.8333333333, 120.6166666667, 253.45, 144.6666666667, 261.8, 0.0, 0.0, 0.0, 0.0, 0.0, 0.0, 0.0, 0.0, 2.95, 0.0, 1.7333333333, 3.0, 0.55, 103.2666666667, 298.8166666667, 445.0166666667, 310.5333333333, 278.9333333333, 542.35, 514.7833333333, 244.2333333333], "10": [181.0666666667, 918.2, 97.7166666667, 1046.25, 554.85, 176.9166666667, 659.6166666667, 525.1166666667, 0.0, 0.0, 0.0, 0.0, 0.0, 0.0, 0.05, 1.35, 2.95, 0.1, 20.7833333333, 3.0, 0.3333333333, 408.05, 962.05, 427.0333333333, 211.0333333333, 309.8, 534.3833333333, 257.6333333333, 464.9166666667, 574.1], "11": [682.45, 1043.9666666667, 28.7, 305.1, 581.35, 9.7, 637.3833333333, 586.7666666667, 0.0, 0.0, 0.0, 0.0, 0.0, 0.0, 0.3333333333, 0.0, 2.05, 0.0, 248.2833333333, 118.6666666667, 0.3333333333, 899.2666666667, 1041.6333333333, 789.9166666667, 150.65, 564.5833333333, 629.3, 354.45, 677.2333333333, 683.7], "12": [717.1833333333, 309.5333333333, 67.2833333333, 456.5666666667, 747.3833333333, 49.2333333333, 786.1833333333, 362.55, 0.0, 0.0, 0.0, 0.0, 0.0, 0.0, 0.05, 0.2833333333, 0.05, 0.25, 63.45, 330.3166666667, 627.2833333333, 640.6833333333, 421.8666666667, 516.0, 370.2666666667, 719.9333333333, 726.0166666667, 505.9166666667, 283.1166666667], "13": [394.2666666667, 384.7166666667, 441.4, 429.5833333333, 529.9333333333, 411.7666666667, 688.5166666667, 44.4333333333, 0.0, 0.05, 0.0, 0.0, 0.05, 0.0, 0.05, 0.95, 0.0, 0.35, 5.05, 27.95, 557.6666666667, 1001.5666666667, 308.05, 566.1833333333, 623.05, 694.0833333333, 741.9, 643.1833333333, 345.1], "14": [301.0, 41.4833333333, 269.3166666667, 372.0166666667, 213.6833333333, 553.6333333333, 848.7333333333, 605.3666666667, 0.0, 0.0, 0.0, 0.0, 0.4833333333, 0.0, 0.0, 0.85, 0.0, 0.0, 290.0166666667, 12.9666666667, 463.1, 1022.05, 450.3166666667, 622.4, 255.4166666667, 707.4666666667, 480.5666666667, 166.85, 448.2666666667], "15": [549.5666666667, 415.3, 344.2666666667, 614.6833333333, 168.2166666667, 905.6333333333, 810.6666666667, 845.85, 0.0, 0.0, 0.0, 0.0, 0.0, 0.0, 0.0, 0.35, 0.0, 0.0, 108.8, 276.5333333333, 378.4166666667, 898.5166666667, 544.8333333333, 810.45, 555.4166666667, 313.85, 26.7333333333, 102.5333333333, 515.35], "16": [513.3, 253.7, 345.5833333333, 533.6833333333, 701.1333333333, 470.8, 232.4166666667, 489.7333333333, 0.0, 0.0, 0.0, 0.0, 0.0, 0.0833333333, 0.0, 0.1, 0.0, 5.8166666667, 458.0166666667, 0.65, 240.4833333333, 596.3666666667, 341.65, 519.25, 483.95, 140.2, 555.85, 344.5333333333, 501.5666666667], "17": [193.3166666667, 426.85, 386.1166666667, 496.6666666667, 262.5166666667, 212.8833333333, 405.5833333333, 254.8166666667, 0.0, 0.0, 0.0, 0.0, 0.05, 0.05, 0.0, 0.0, 0.35, 5.15, 437.6166666667, 5.6166666667, 78.1166666667, 560.5666666667, 546.6, 104.5166666667, 379.8833333333, 357.6333333333, 513.2833333333, 263.4833333333, 284.3333333333], "18": [148.15, 697.0833333333, 33.6666666667, 617.1666666667, 284.7, 377.6666666667, 432.6666666667, 42.4833333333, 0.5333333333, 0.0, 0.0, 0.0, 0.1833333333, 0.1833333333, 0.0, 0.0, 0.2, 0.35, 267.55, 5.4666666667, 372.1666666667, 392.5166666667, 1501.8, 538.1833333333, 518.0166666667, 442.05, 264.7, 595.85, 206.5666666667], "19": [211.0, 162.6166666667, 17.3666666667, 280.1333333333, 72.1333333333, 547.2, 456.2666666667, 150.0333333333, 0.0, 0.0, 0.0, 0.0, 0.05, 0.0, 0.9166666667, 0.0, 0.05, 0.25, 3.4166666667, 4.4, 166.6833333333, 82.8166666667, 1008.9833333333, 333.4833333333, 501.6833333333, 333.25, 171.4, 514.4333333333, 101.0], "20": [200.4166666667, 197.9, 134.25, 323.8166666667, 317.45, 450.65, 53.8333333333, 69.8666666667, 0.0, 0.0, 0.0, 0.0, 0.0, 0.0, 0.0, 0.0, 0.0, 2.8, 7.6, 3.0, 87.75, 383.7666666667, 242.4, 529.75, 282.6666666667, 253.15, 223.5833333333, 72.65, 71.9666666667], "21": [125.2833333333, 104.9333333333, 117.4166666667, 328.9166666667, 115.0666666667, 222.8666666667, 70.2166666667, 312.6333333333, 0.0, 0.0, 0.0, 0.0, 0.0, 0.0, 0.0, 0.0, 0.0, 2.75, 21.1833333333, 3.0, 36.8833333333, 111.1833333333, 474.7833333333, 110.0333333333, 133.9166666667, 247.6333333333, 59.4666666667, 99.55, 40.3], "22": [71.3833333333, 201.9666666667, 230.1, 157.25, 22.3833333333, 182.8833333333, 92.6, 42.8, 0.0, 0.0, 0.0, 0.0, 0.0, 0.0, 0.0, 0.0, 0.0, 1.55, 438.4666666667, 4.0333333333, 499.5666666667, 58.1, 38.8333333333, 68.9, 190.6833333333, 318.0666666667, 137.45, 84.5166666667, 56.05], "23": [187.0333333333, 185.9166666667, 131.45, 197.7166666667, 84.8833333333, 366.65, 29.4333333333, 74.3166666667, 0.05, 0.05, 0.0, 0.0, 0.0, 0.0, 0.0, 0.0, 0.45, 2.45, 3.3, 3.0, 190.9666666667, 254.4, 85.9833333333, 200.2333333333, 172.6, 326.2833333333, 5.2833333333, 398.9666666667, 83.6166666667]}}