{"file": "condition_2", "boxplot_data": {"00": [9.0, 7.0, 9.1, 25.5333333333, 19.1833333333, 12.95, 10.5333333333, 20.2, 15.55, 79.3666666667, 11.85, 7.4666666667, 23.6333333333, 12.2166666667, 190.9666666667, 17.8833333333, 29.0, 12.9666666667, 21.8666666667, 29.8833333333, 13.7833333333, 14.9166666667, 7.0, 9.0, 7.0, 9.3, 9.4333333333], "01": [9.15, 7.0, 7.1, 25.5833333333, 4.05, 14.5166666667, 10.6, 10.05, 9.2833333333, 6.1666666667, 71.7333333333, 14.7666666667, 7.7833333333, 11.7, 145.1166666667, 29.0833333333, 21.2166666667, 30.8333333333, 13.3, 66.5833333333, 70.2833333333, 7.4, 7.0, 9.0, 7.0, 9.4333333333, 9.6166666667], "02": [9.4666666667, 7.0333333333, 7.0, 9.1, 9.25, 26.2666666667, 31.6666666667, 14.0666666667, 8.6833333333, 15.9166666667, 5.1833333333, 55.6666666667, 15.2166666667, 23.5166666667, 60.0166666667, 18.5833333333, 21.5, 38.6666666667, 22.55, 50.4, 19.0166666667, 107.85, 7.0, 8.9666666667, 7.0, 9.4833333333, 9.9], "03": [9.5, 7.0333333333, 7.1333333333, 4.5, 29.35, 28.6833333333, 85.0, 19.6666666667, 16.45, 17.3833333333, 23.8833333333, 40.3333333333, 12.2333333333, 18.6333333333, 22.2166666667, 10.7, 26.2833333333, 16.8666666667, 13.7833333333, 49.3333333333, 23.4333333333, 55.8333333333, 7.2, 9.0166666667, 7.3, 9.5, 10.0], "04": [9.5, 7.1666666667, 7.2666666667, 95.0666666667, 48.5333333333, 9.9666666667, 83.3333333333, 109.4333333333, 38.9666666667, 40.0, 97.1833333333, 173.4166666667, 29.8, 9.0833333333, 21.4666666667, 131.65, 59.3333333333, 33.4666666667, 23.9333333333, 19.5666666667, 24.3333333333, 18.75, 7.8666666667, 8.9333333333, 8.0, 9.3833333333, 9.6833333333], "05": [9.5, 7.1333333333, 7.0833333333, 157.45, 190.8333333333, 116.6666666667, 25.8, 16.25, 47.8666666667, 59.3, 76.4333333333, 114.15, 126.9666666667, 112.05, 18.8833333333, 141.1833333333, 73.7833333333, 37.7666666667, 101.9833333333, 39.75, 19.0, 164.4166666667, 8.0, 9.0, 8.6333333333, 9.5, 9.8], "06": [9.5, 7.8333333333, 375.4, 476.8333333333, 520.2333333333, 19.1666666667, 27.4833333333, 477.0666666667, 399.45, 465.8333333333, 486.3333333333, 410.2166666667, 369.6166666667, 199.8, 145.25, 552.1833333333, 453.3, 582.0, 491.3, 28.8833333333, 245.6666666667, 426.05, 8.8833333333, 9.3833333333, 9.0, 7.9833333333, 9.8833333333], "07": [8.3333333333, 8.0, 9.3166666667, 327.1166666667, 366.3833333333, 11.3666666667, 208.2833333333, 272.8666666667, 284.8333333333, 303.7833333333, 519.9666666667, 390.1833333333, 576.8166666667, 279.1666666667, 62.2333333333, 541.3666666667, 264.4166666667, 873.2333333333, 1283.6333333333, 205.7166666667, 183.6333333333, 344.7166666667, 7.1333333333, 8.3833333333, 9.0, 8.9166666667, 9.55], "08": [7.8333333333, 8.0, 8.4333333333, 407.8, 281.35, 41.7, 207.2333333333, 254.4833333333, 338.2166666667, 789.9833333333, 921.9333333333, 1018.4333333333, 234.05, 223.8166666667, 29.25, 533.1333333333, 920.3, 1219.7166666667, 436.65, 355.8833333333, 69.9666666667, 425.2333333333, 7.0, 7.0, 9.5166666667, 8.5333333333, 9.5], "09": [8.2333333333, 8.0, 450.6833333333, 500.4833333333, 511.7166666667, 431.35, 202.0333333333, 942.5166666667, 940.05, 314.6166666667, 2095.9833333333, 658.15, 293.5333333333, 237.3, 193.5666666667, 572.65, 1124.4833333333, 555.8833333333, 705.4833333333, 284.6833333333, 181.5, 441.25, 7.0, 7.0, 9.0, 9.0, 9.4], "10": [7.7333333333, 7.6666666667, 135.7333333333, 718.0833333333, 320.65, 229.65, 412.6666666667, 625.3333333333, 1081.3666666667, 1019.05, 402.6166666667, 367.3666666667, 365.45, 360.2833333333, 54.4333333333, 908.45, 904.75, 1201.15, 770.3666666667, 184.0166666667, 353.0833333333, 592.8666666667, 7.0, 7.0, 9.0, 9.0, 9.5], "11": [8.2333333333, 7.1666666667, 8.35, 332.5833333333, 349.7666666667, 599.9, 355.8166666667, 469.3333333333, 277.6666666667, 306.2333333333, 284.3, 333.2666666667, 355.7833333333, 204.5333333333, 208.4666666667, 380.35, 257.2833333333, 961.9, 437.6833333333, 534.8333333333, 411.1333333333, 264.9, 7.0, 7.4333333333, 9.0, 9.0, 9.5], "12": [9.5, 9.2166666667, 114.1333333333, 317.4666666667, 275.95, 449.2666666667, 245.05, 139.7666666667, 303.5166666667, 330.1833333333, 466.5666666667, 552.2833333333, 385.6, 201.2333333333, 174.9333333333, 235.1, 309.2166666667, 1034.0666666667, 414.7, 456.95, 28.95, 447.9666666667, 7.0, 9.0, 9.4, 8.8333333333, 9.05], "13": [9.15, 9.0, 79.9333333333, 514.0833333333, 144.8, 223.0166666667, 192.1666666667, 521.8, 588.5833333333, 356.0333333333, 1221.8, 737.7166666667, 215.6, 209.8833333333, 4.8333333333, 381.4, 519.2833333333, 278.7166666667, 501.7333333333, 522.35, 11.7, 673.9666666667, 7.0, 9.0, 9.4333333333, 8.4333333333, 9.0], "14": [9.0, 9.0, 9.0, 396.9333333333, 447.6333333333, 231.8333333333, 316.55, 535.5166666667, 622.3, 288.7333333333, 735.9666666667, 620.6166666667, 192.35, 164.05, 10.1833333333, 106.9833333333, 1218.2666666667, 210.35, 451.05, 298.6833333333, 8.8333333333, 529.9333333333, 7.0, 9.0, 9.0333333333, 7.9666666667, 9.0], "15": [9.0, 9.0, 13.8695652174, 359.8833333333, 492.6166666667, 487.3, 180.6166666667, 10.7333333333, 489.35, 133.7166666667, 525.05, 260.3333333333, 448.25, 233.8, 148.6333333333, 7.5333333333, 419.5, 490.2666666667, 420.7666666667, 289.7166666667, 16.6, 8.7666666667, 366.1166666667, 7.0, 9.0, 9.25, 7.9, 9.0], "16": [9.0, 9.0, 146.9, 386.7333333333, 461.8333333333, 416.3666666667, 6.1666666667, 121.3166666667, 222.3666666667, 313.9833333333, 10.2666666667, 128.4333333333, 246.6833333333, 19.0166666667, 14.6833333333, 255.2833333333, 8.9166666667, 311.8166666667, 190.75, 11.1833333333, 155.7, 57.4333333333, 7.0, 9.0666666667, 9.0, 8.6166666667, 9.0], "17": [9.0666666667, 9.0, 5.95, 266.3333333333, 300.7333333333, 211.5, 11.85, 105.4, 272.5, 10.4666666667, 11.0333333333, 12.3833333333, 366.4166666667, 16.15, 144.5166666667, 177.3166666667, 9.5833333333, 185.6833333333, 177.6666666667, 134.3333333333, 5.4166666667, 7.0, 7.0, 9.0, 9.0, 7.9333333333, 9.0], "18": [9.1666666667, 15.5166666667, 14.3666666667, 164.8666666667, 661.1833333333, 331.3833333333, 100.05, 6.15, 129.0, 11.2, 15.5833333333, 145.95, 205.0166666667, 9.85, 77.8166666667, 184.0, 13.9833333333, 15.2166666667, 37.25, 10.2833333333, 8.7833333333, 7.0, 7.0, 9.2, 9.2, 7.9666666667, 9.0], "19": [9.1666666667, 9.0, 75.7833333333, 147.75, 234.25, 5.0, 130.7666666667, 49.6166666667, 6.3833333333, 10.5333333333, 134.9666666667, 194.3833333333, 14.7833333333, 10.5, 12.45, 22.3666666667, 72.9, 16.4666666667, 30.6166666667, 10.3333333333, 60.9333333333, 7.0, 7.0, 9.0, 9.0, 8.0, 9.0], "20": [9.4, 9.0, 16.9666666667, 37.9833333333, 125.0833333333, 19.8666666667, 72.8666666667, 88.9833333333, 10.2, 5.9333333333, 181.6666666667, 156.6, 11.85, 16.15, 7.9, 16.5166666667, 13.6166666667, 14.7833333333, 46.7666666667, 18.5, 16.2166666667, 7.0, 7.0, 8.5666666667, 9.0, 9.0, 9.3333333333], "21": [9.4833333333, 9.0, 22.15, 402.5333333333, 26.05, 12.5333333333, 18.9333333333, 7.0833333333, 12.9333333333, 97.9833333333, 42.5666666667, 89.1833333333, 10.5166666667, 23.3166666667, 13.9166666667, 11.25, 55.0333333333, 9.9333333333, 37.5333333333, 6.15, 10.75, 7.0, 7.5333333333, 7.0, 9.0, 9.0, 9.0], "22": [9.0666666667, 9.0, 13.6666666667, 19.3333333333, 23.3166666667, 100.3333333333, 19.9, 38.9, 12.2333333333, 42.2833333333, 27.3666666667, 10.1166666667, 11.6, 83.65, 9.7333333333, 12.0333333333, 16.2666666667, 67.0666666667, 109.6333333333, 29.6833333333, 32.4166666667, 7.0, 8.0333333333, 7.0, 9.0333333333, 9.0, 9.0], "23": [7.4833333333, 9.0166666667, 7.1833333333, 4.7166666667, 18.8833333333, 6.2833333333, 9.65, 53.85, 10.9666666667, 25.6166666667, 8.8, 17.8166666667, 18.85, 31.2333333333, 24.4166666667, 26.7333333333, 15.95, 16.2166666667, 28.3666666667, 6.8833333333, 13.3666666667, 7.0, 8.8333333333, 7.0, 9.0833333333, 9.0, 9.0]}}