{"file": "condition_4", "boxplot_data": {"00": [37.0, 133.0666666667, 92.1833333333, 70.4333333333, 117.2, 195.9166666667, 301.85, 222.6666666667, 269.5, 219.5833333333, 255.5166666667, 238.2166666667, 217.6666666667, 28.7, 0.0], "01": [7.05, 169.4166666667, 125.7833333333, 189.7666666667, 153.9833333333, 122.0833333333, 49.25, 25.35, 24.1333333333, 47.1333333333, 134.9666666667, 391.2166666667, 47.0666666667, 0.0, 0.0], "02": [3.7666666667, 141.25, 203.9166666667, 88.4666666667, 112.9, 118.3166666667, 2.8666666667, 3.7666666667, 7.8666666667, 5.9333333333, 57.0166666667, 355.2666666667, 144.4666666667, 0.0, 0.0], "03": [0.0833333333, 163.35, 6.25, 52.8166666667, 192.2166666667, 315.55, 2.3166666667, 5.55, 3.0166666667, 4.25, 118.55, 163.7666666667, 5.6666666667, 0.0, 0.0], "04": [9.4833333333, 169.0833333333, 2.2833333333, 171.4166666667, 9.1666666667, 145.1333333333, 1.2333333333, 0.8, 3.7666666667, 2.9166666667, 65.6666666667, 379.55, 9.9166666667, 0.0, 0.0], "05": [6.5, 78.3333333333, 5.7833333333, 8.35, 6.2666666667, 306.6833333333, 10.3666666667, 3.2, 4.8666666667, 5.2, 205.9, 185.0666666667, 2.6833333333, 0.0, 0.0], "06": [201.0833333333, 114.0333333333, 3.85, 20.0333333333, 5.3, 526.0666666667, 243.85, 0.7166666667, 12.5666666667, 2.5833333333, 161.9833333333, 1.1, 2.4333333333, 0.0, 0.0], "07": [299.7, 13.5333333333, 8.4, 4.4833333333, 11.7166666667, 112.55, 1083.2, 209.0, 5.75, 217.5833333333, 170.8666666667, 1.8666666667, 170.2666666667, 0.0, 125.05], "08": [266.75, 73.9833333333, 8.3166666667, 9.7333333333, 8.25, 22.8333333333, 356.4, 633.9833333333, 618.7166666667, 356.5166666667, 151.2, 0.95, 463.35, 0.0, 22.7], "09": [370.5333333333, 3.4, 79.9333333333, 5.5333333333, 6.7, 8.5166666667, 347.9, 513.3833333333, 653.3, 713.8166666667, 3.3333333333, 1.5166666667, 524.5, 0.0, 0.0666666667], "10": [122.3, 1.7333333333, 3.75, 4.7833333333, 3.6, 7.8, 425.6, 772.65, 1109.1333333333, 817.3333333333, 182.4666666667, 9.1, 685.7666666667, 0.0, 7.15], "11": [510.0, 92.3333333333, 80.9666666667, 4.2333333333, 8.1166666667, 21.1833333333, 3.7333333333, 420.7166666667, 1232.3666666667, 586.0666666667, 691.8, 307.65, 138.55, 770.3333333333, 0.0, 0.1333333333], "12": [221.8666666667, 319.7833333333, 356.0166666667, 4.0166666667, 14.7, 160.2833333333, 9.7833333333, 467.15, 745.7666666667, 1009.35, 855.2333333333, 904.1166666667, 336.25, 853.0333333333, 0.0], "13": [210.15, 358.3833333333, 268.9666666667, 14.2166666667, 282.0, 277.5166666667, 94.1666666667, 369.3666666667, 1057.6833333333, 1113.1, 1338.45, 771.8333333333, 271.3166666667, 803.9666666667, 27.5333333333], "14": [322.6333333333, 141.15, 177.4666666667, 218.9, 240.9333333333, 327.8666666667, 206.9833333333, 407.9833333333, 1173.0833333333, 1193.9333333333, 1116.1, 210.6333333333, 259.1, 1201.1, 181.1166666667], "15": [188.3166666667, 162.5833333333, 97.4166666667, 277.25, 123.3333333333, 332.1666666667, 366.1666666667, 596.0, 1097.1666666667, 1245.8, 1176.6666666667, 194.8166666667, 194.6, 975.6333333333, 442.4333333333], "16": [270.1666666667, 223.1666666667, 63.7833333333, 436.45, 151.2666666667, 214.4666666667, 213.5833333333, 400.9166666667, 690.95, 897.5666666667, 588.7166666667, 231.1666666667, 40.75, 641.95, 0.0], "17": [158.8666666667, 79.3666666667, 118.0166666667, 264.3666666667, 389.5, 119.9833333333, 296.9833333333, 874.05, 786.95, 318.7, 1043.2833333333, 5.05, 870.9666666667, 713.4166666667, 9.0333333333], "18": [150.3666666667, 376.3, 206.95, 314.6333333333, 99.5666666667, 305.1, 194.1833333333, 736.5833333333, 976.0166666667, 300.45, 652.1666666667, 123.1, 1014.7, 14.3166666667, 0.0], "19": [176.35, 550.3666666667, 170.2666666667, 214.1833333333, 478.75, 606.25, 178.15, 734.3, 342.5833333333, 203.4166666667, 642.85, 185.4833333333, 644.1, 582.8666666667, 0.0], "20": [239.7833333333, 429.7, 232.55, 264.95, 211.2333333333, 430.6833333333, 375.1333333333, 523.4666666667, 161.5666666667, 113.95, 1128.8, 473.3666666667, 546.05, 1613.0166666667, 0.0], "21": [283.1666666667, 773.8666666667, 170.8166666667, 426.4833333333, 239.0333333333, 322.9333333333, 184.6666666667, 421.9166666667, 104.1666666667, 90.3333333333, 901.8166666667, 392.6833333333, 616.95, 1725.1166666667, 0.0], "22": [46.2166666667, 654.45, 304.6, 264.9166666667, 447.5166666667, 349.9, 297.3, 77.5333333333, 221.5666666667, 145.9666666667, 987.7666666667, 140.8333333333, 261.9166666667, 356.1333333333, 0.0], "23": [201.4166666667, 471.3833333333, 95.5166666667, 222.8666666667, 492.0, 204.0833333333, 138.8, 151.45, 255.9666666667, 372.1333333333, 506.3333333333, 193.6833333333, 189.55, 206.5, 0.0]}}