{"file": "control_14", "boxplot_data": {"00": [397.1333333333, 292.55, 14.6833333333, 51.0333333333, 258.5666666667, 120.4833333333, 220.05, 148.8, 228.9833333333, 5.0, 51.8833333333, 11.0333333333, 65.5833333333, 280.6833333333, 59.9166666667], "01": [124.5, 1.0833333333, 32.4666666667, 0.55, 12.4333333333, 90.3833333333, 168.5833333333, 16.8833333333, 46.5666666667, 5.0, 15.35, 9.0833333333, 15.4833333333, 269.4666666667, 245.85], "02": [11.7833333333, 34.0166666667, 40.7333333333, 10.65, 18.9833333333, 106.3, 459.25, 20.7666666667, 13.2333333333, 5.0, 20.5166666667, 7.1, 23.9333333333, 421.05, 57.8833333333], "03": [30.6166666667, 13.5666666667, 14.5666666667, 12.5166666667, 30.6833333333, 1.1833333333, 340.2833333333, 18.2333333333, 29.1333333333, 5.0333333333, 7.0833333333, 21.95, 28.3666666667, 127.0833333333, 14.2166666667], "04": [11.3, 25.4666666667, 30.3833333333, 26.1166666667, 11.7, 15.9, 292.2333333333, 13.4833333333, 58.0166666667, 5.5333333333, 26.75, 15.9666666667, 20.8166666667, 47.8166666667, 30.5166666667], "05": [48.0666666667, 41.7, 28.5, 18.8333333333, 23.15, 28.8833333333, 85.8, 21.1666666667, 73.7, 6.1, 351.3333333333, 11.1333333333, 71.2833333333, 12.3166666667, 15.3666666667], "06": [695.95, 11.15, 731.8333333333, 60.6833333333, 59.2833333333, 918.9166666667, 28.2166666667, 14.5, 13.7666666667, 6.8666666667, 874.0833333333, 632.9333333333, 964.7666666667, 8.7, 29.7666666667], "07": [476.1666666667, 17.9333333333, 635.7, 23.3333333333, 6.55, 492.9666666667, 41.4166666667, 23.25, 22.7, 7.0, 622.7333333333, 563.9666666667, 888.2833333333, 20.1166666667, 17.2833333333], "08": [960.9166666667, 14.5833333333, 339.7333333333, 31.5166666667, 54.1666666667, 1260.0666666667, 25.6833333333, 27.9666666667, 19.3666666667, 255.05, 971.8333333333, 640.6333333333, 746.4166666667, 32.4166666667, 45.05], "09": [799.8833333333, 243.7, 748.1166666667, 19.95, 15.4333333333, 585.2333333333, 12.8666666667, 7.7, 78.1166666667, 14.6166666667, 48.5, 1343.5, 1068.8666666667, 919.7666666667, 10.95, 31.3], "10": [910.5166666667, 562.3833333333, 629.6666666667, 295.05, 386.0166666667, 905.8666666667, 34.3333333333, 44.0333333333, 583.3, 3.0, 53.75, 1338.5166666667, 613.0166666667, 449.4833333333, 82.05, 47.2166666667], "11": [569.95, 112.0833333333, 430.1166666667, 1159.0833333333, 558.9, 671.4333333333, 165.95, 217.9666666667, 685.2, 3.6166666667, 130.1833333333, 463.6, 669.1833333333, 779.1166666667, 76.5666666667, 391.6833333333], "12": [554.0333333333, 206.1833333333, 782.6166666667, 589.0166666667, 663.7166666667, 263.65, 1087.4833333333, 757.3166666667, 75.2, 7.2333333333, 70.1, 1168.7833333333, 591.4833333333, 738.8, 31.1333333333, 1216.85], "13": [490.8666666667, 380.15, 819.5333333333, 1077.7166666667, 578.0, 547.7, 814.3333333333, 479.5666666667, 4.1666666667, 6.35, 659.8166666667, 1457.1833333333, 517.2666666667, 698.5833333333, 1017.3166666667, 1159.7166666667], "14": [539.5333333333, 354.0333333333, 336.5666666667, 594.5666666667, 526.6666666667, 715.4833333333, 785.7166666667, 1703.7166666667, 10.2666666667, 28.5, 662.4166666667, 491.1333333333, 416.9, 626.1833333333, 2044.9666666667, 227.2833333333], "15": [552.25, 627.8833333333, 656.3, 381.4, 455.3, 1178.9333333333, 303.3833333333, 1291.6, 119.2166666667, 148.7833333333, 879.1833333333, 769.5833333333, 622.4333333333, 615.1833333333, 1109.8666666667, 290.6833333333], "16": [86.2, 474.1, 331.3333333333, 789.3333333333, 537.35, 417.3333333333, 512.5, 1169.5, 152.2333333333, 5.0, 525.6333333333, 301.8166666667, 138.9166666667, 46.3833333333, 795.9, 158.5666666667], "17": [816.7166666667, 266.1166666667, 474.0166666667, 506.2333333333, 437.9333333333, 575.5666666667, 394.6666666667, 464.55, 5.6666666667, 8.7333333333, 545.7666666667, 438.2, 108.5833333333, 1134.8, 798.05, 235.0166666667], "18": [760.6833333333, 476.0, 582.45, 483.7833333333, 1020.3166666667, 220.85, 529.8833333333, 972.6833333333, 14.0333333333, 5.0, 202.8, 643.0666666667, 759.75, 579.1333333333, 475.1166666667, 222.4833333333], "19": [1165.4, 608.4166666667, 384.7333333333, 339.5166666667, 244.7166666667, 870.35, 902.2833333333, 986.1833333333, 5.0833333333, 16.8474576271, 265.4333333333, 655.1, 736.3, 439.75, 299.25, 245.7166666667], "20": [117.4166666667, 1110.4333333333, 323.1666666667, 140.4333333333, 890.7333333333, 219.5666666667, 763.3166666667, 583.6, 5.0, 503.1166666667, 232.4333333333, 121.3, 589.35, 118.9833333333, 583.8333333333], "21": [192.5166666667, 562.9333333333, 302.5833333333, 80.45, 657.0166666667, 199.6666666667, 551.65, 987.6333333333, 5.0, 199.0, 231.2666666667, 219.4666666667, 295.7, 115.3166666667, 109.8833333333], "22": [49.3666666667, 226.8, 180.4666666667, 174.2833333333, 166.8, 289.1333333333, 217.2, 268.3, 5.0, 155.2166666667, 216.3, 139.85, 383.7333333333, 82.7333333333, 93.8333333333], "23": [77.6, 275.3333333333, 423.9166666667, 104.7333333333, 801.2666666667, 146.75, 1.95, 174.3166666667, 5.0, 337.4666666667, 21.55, 433.0, 230.8166666667, 141.3333333333, 352.1333333333]}}