{"file": "control_18", "boxplot_data": {"00": [293.9, 218.0333333333, 245.2, 474.0833333333, 270.2333333333, 279.4833333333, 208.9333333333, 154.55, 528.5166666667, 418.3666666667, 166.9833333333, 453.7, 378.1333333333, 103.4833333333, 0.0, 0.0, 0.0], "01": [238.1833333333, 376.8, 6.6833333333, 138.3333333333, 4.2, 80.0166666667, 3.8833333333, 239.1333333333, 391.1166666667, 36.9833333333, 4.7333333333, 786.9666666667, 47.7666666667, 397.5, 0.0, 0.0, 0.0], "02": [195.45, 213.7, 24.0333333333, 7.05, 2.3166666667, 8.5833333333, 12.6166666667, 0.3833333333, 5.7333333333, 3.4333333333, 9.7666666667, 211.5, 7.55, 7.7166666667, 0.0, 0.0, 0.0], "03": [50.8, 8.1333333333, 3.0666666667, 2.2333333333, 23.0833333333, 6.9, 6.0166666667, 13.2833333333, 0.0, 6.05, 4.1166666667, 1.5166666667, 7.8666666667, 3.5833333333, 0.0, 0.0, 0.0], "04": [5.45, 1.9833333333, 7.9333333333, 3.5833333333, 18.5, 1.4, 4.7666666667, 19.7833333333, 7.9333333333, 1.1166666667, 4.4, 0.7166666667, 8.6833333333, 6.7666666667, 0.0, 0.0, 0.0], "05": [5.9833333333, 2.3666666667, 14.1, 10.5666666667, 5.5833333333, 9.15, 5.5166666667, 3.05, 6.5166666667, 2.4166666667, 4.6833333333, 5.2666666667, 13.4333333333, 103.55, 0.0, 0.0, 0.0], "06": [11.6166666667, 16.3, 12.4, 18.5833333333, 7.1333333333, 30.9166666667, 11.7833333333, 7.45, 153.5166666667, 5.95, 6.4, 2.3166666667, 11.1333333333, 25.7666666667, 0.0, 0.0, 0.0], "07": [2.1333333333, 9.45, 14.65, 363.05, 22.5, 8.0166666667, 26.1666666667, 5.55, 506.45, 132.7333333333, 10.8166666667, 4.0166666667, 14.9166666667, 0.0, 0.0, 0.0, 0.5], "08": [19.1333333333, 9.25, 21.9166666667, 525.3666666667, 23.8333333333, 326.6166666667, 274.5, 22.5333333333, 125.5666666667, 558.8, 116.1833333333, 189.0, 13.2166666667, 0.0, 0.0, 0.0, 170.95], "09": [24.7833333333, 25.6, 24.1333333333, 275.3166666667, 740.1666666667, 12.45, 328.9166666667, 249.3666666667, 136.2, 50.1833333333, 696.6833333333, 574.35, 445.9, 621.4, 0.0, 0.0, 0.0, 27.1833333333], "10": [2.3833333333, 278.65, 401.8166666667, 267.8, 706.1833333333, 344.2166666667, 149.75, 444.5166666667, 314.8333333333, 192.6666666667, 549.8333333333, 620.55, 514.4166666667, 407.8666666667, 0.0, 0.0, 0.0, 4.95], "11": [279.55, 376.5166666667, 272.0333333333, 606.6166666667, 599.7333333333, 243.2, 142.5666666667, 775.1333333333, 717.9833333333, 388.0, 806.0333333333, 583.1666666667, 578.0833333333, 1439.75, 0.0, 0.0, 8.2666666667, 5.8571428571], "12": [352.9166666667, 468.4, 379.4166666667, 355.9, 410.3166666667, 485.8166666667, 184.7166666667, 589.3833333333, 907.3, 631.0166666667, 638.0666666667, 468.4833333333, 388.8333333333, 710.7666666667, 0.0, 0.0, 0.0], "13": [407.7666666667, 1074.35, 961.05, 331.45, 652.8, 201.7333333333, 1395.9333333333, 403.3166666667, 718.9666666667, 362.5166666667, 779.35, 591.5166666667, 539.4666666667, 515.4166666667, 0.0, 0.0, 0.0], "14": [281.3333333333, 538.5333333333, 502.45, 334.5666666667, 480.85, 781.8666666667, 558.6, 382.7833333333, 157.8666666667, 301.9833333333, 581.0166666667, 686.1333333333, 488.65, 446.6166666667, 0.6833333333, 0.0, 0.0], "15": [333.9166666667, 281.2166666667, 550.4833333333, 357.3, 595.5166666667, 269.05, 629.4, 526.1, 220.5166666667, 363.2, 794.4666666667, 877.75, 586.8333333333, 377.5833333333, 0.0, 0.0, 0.0], "16": [239.15, 401.7833333333, 338.15, 547.5666666667, 464.9166666667, 645.4666666667, 470.45, 426.5666666667, 517.4666666667, 445.55, 539.4333333333, 635.7, 371.4166666667, 473.0166666667, 0.0, 0.0, 0.0], "17": [455.7, 216.9166666667, 834.9833333333, 224.4333333333, 460.3833333333, 555.7, 659.0666666667, 569.2, 531.9333333333, 744.8166666667, 413.6666666667, 167.5333333333, 407.4166666667, 406.85, 0.0, 0.4333333333, 0.0], "18": [503.1, 251.5, 531.7833333333, 359.4166666667, 376.4333333333, 221.2333333333, 450.2833333333, 326.2, 477.8833333333, 278.65, 427.9333333333, 325.8166666667, 466.3666666667, 414.2, 0.0, 0.0, 0.0], "19": [134.0666666667, 326.6666666667, 275.5333333333, 355.3166666667, 214.7833333333, 268.0666666667, 343.1333333333, 412.2833333333, 376.9833333333, 409.8333333333, 501.1666666667, 375.5333333333, 356.55, 150.0166666667, 0.0, 0.0, 0.0], "20": [357.0166666667, 254.2833333333, 265.2, 559.1833333333, 502.25, 114.4666666667, 310.05, 623.6, 501.5, 404.3333333333, 383.9833333333, 224.2, 111.7833333333, 529.15, 0.0, 0.0, 0.0], "21": [384.5833333333, 288.4166666667, 321.2666666667, 113.7333333333, 230.4833333333, 211.4666666667, 564.1166666667, 315.8166666667, 116.9166666667, 421.1333333333, 217.1333333333, 269.2666666667, 106.3, 388.7833333333, 0.0, 0.0, 0.0], "22": [127.2166666667, 214.1666666667, 206.4166666667, 85.9666666667, 98.2833333333, 200.2166666667, 223.05, 118.3, 352.3333333333, 355.0, 281.85, 354.0, 321.8833333333, 805.9166666667, 0.0, 0.0, 3.5333333333], "23": [162.3666666667, 82.3333333333, 135.8, 248.2, 582.1333333333, 170.6166666667, 347.1833333333, 413.6, 554.9666666667, 316.7166666667, 284.6166666667, 448.9, 356.6333333333, 707.1833333333, 0.0, 0.0, 0.0]}}