{"file": "control_19", "boxplot_data": {"00": [166.1666666667, 1017.65, 1.0333333333, 2.8333333333, 3.5166666667, 1.5666666667, 1.35, 271.1166666667, 236.6666666667, 134.3333333333, 1.8166666667, 2.55, 0.05, 2.2, 0.0, 0.0, 0.0, 0.6, 0.0], "01": [358.0333333333, 611.7666666667, 1.2, 1.35, 1.8166666667, 1.0, 2.4, 312.2833333333, 412.2833333333, 0.0, 1.7833333333, 3.6166666667, 20.65, 5.2166666667, 0.0, 0.0, 0.0, 0.0, 0.0], "02": [14.0833333333, 284.1666666667, 2.9166666667, 9.15, 2.95, 2.3, 1.5666666667, 166.1666666667, 153.2333333333, 0.95, 1.7833333333, 8.2666666667, 2.8333333333, 1.0, 0.0, 0.0, 0.0, 0.0, 0.0], "03": [27.8833333333, 282.6, 1.9, 0.0, 3.4833333333, 8.3, 10.3666666667, 0.2, 212.8333333333, 5.5833333333, 5.1166666667, 17.1833333333, 1.7333333333, 8.5666666667, 0.0, 0.0, 0.0, 0.0, 0.0], "04": [26.1, 148.0333333333, 4.4, 11.8166666667, 4.2, 8.2, 12.4833333333, 10.3666666667, 26.2166666667, 1.4, 2.2833333333, 32.6333333333, 14.5166666667, 6.8833333333, 0.0, 0.0, 0.0, 0.0, 0.0], "05": [10.6666666667, 7.2333333333, 221.8666666667, 57.75, 3.7333333333, 71.65, 219.4, 137.1333333333, 4.2, 14.9833333333, 80.6166666667, 10.65, 31.7333333333, 37.7833333333, 0.0, 0.0, 0.0, 0.0, 0.0], "06": [114.9, 7.45, 497.45, 582.9166666667, 464.4333333333, 550.6833333333, 435.7, 2.7, 20.8, 505.4166666667, 512.5, 316.5166666667, 478.0, 413.3666666667, 0.0, 0.0, 0.0, 0.0, 0.0], "07": [34.2666666667, 5.7833333333, 328.2, 325.8, 364.5333333333, 258.25, 263.6666666667, 16.7666666667, 5.4666666667, 334.1, 226.75, 368.55, 349.8666666667, 359.5833333333, 0.0, 0.0, 0.0, 0.0, 0.5166666667], "08": [10.35, 148.55, 326.05, 422.55, 169.0333333333, 299.9333333333, 222.1166666667, 18.0, 17.9333333333, 149.85, 211.5166666667, 335.2, 91.2666666667, 226.8166666667, 0.0, 0.0, 0.0, 2.7666666667, 147.7666666667], "09": [26.3833333333, 68.8833333333, 6.9166666667, 309.2, 467.8666666667, 49.4666666667, 148.0166666667, 309.3166666667, 21.3166666667, 147.8, 284.4, 194.95, 372.15, 294.5166666667, 214.8833333333, 0.0, 0.0, 0.0, 49.3166666667, 0.0], "10": [0.3666666667, 321.0666666667, 19.8166666667, 315.8666666667, 435.7166666667, 304.8666666667, 136.8333333333, 276.6666666667, 65.65, 27.9, 310.7333333333, 339.9666666667, 441.8166666667, 403.3333333333, 357.5666666667, 0.0, 0.0, 0.0, 6.9666666667, 0.0], "11": [1.3666666667, 597.2333333333, 9.65, 304.9833333333, 369.1333333333, 235.6333333333, 231.8666666667, 248.9833333333, 8.9833333333, 41.85, 244.8333333333, 114.5166666667, 253.8666666667, 207.2166666667, 337.9833333333, 0.0, 0.0, 0.3, 0.0, 8.25], "12": [1.5166666667, 260.0333333333, 274.3166666667, 238.3333333333, 244.2666666667, 441.9833333333, 374.4333333333, 359.6, 333.0166666667, 50.9666666667, 236.3166666667, 381.3333333333, 490.5166666667, 344.5, 250.6166666667, 0.0, 0.0, 0.0, 3.8166666667, 4.2333333333], "13": [106.5, 332.45, 310.5, 286.35, 284.0333333333, 114.4666666667, 73.6166666667, 283.5666666667, 418.1666666667, 448.65, 348.1333333333, 394.8333333333, 384.3166666667, 329.5333333333, 132.25, 0.0, 0.0, 0.0, 0.0, 2.1111111111], "14": [326.1333333333, 518.9833333333, 697.15, 241.8, 259.1833333333, 326.8833333333, 297.6333333333, 547.5666666667, 217.45, 344.0, 271.15, 302.95, 252.0333333333, 268.7833333333, 72.0333333333, 0.0, 0.0, 0.0, 0.0], "15": [526.25, 230.8833333333, 473.2333333333, 710.1, 453.75, 344.1833333333, 301.6333333333, 803.6666666667, 299.8, 487.55, 340.7, 454.05, 234.6166666667, 487.9666666667, 0.0, 0.0, 0.0, 0.0, 0.3166666667], "16": [814.05, 333.8166666667, 159.6666666667, 129.8666666667, 241.4166666667, 370.9666666667, 199.9333333333, 968.8333333333, 257.5166666667, 275.1, 95.5333333333, 434.4833333333, 452.85, 552.4666666667, 0.0, 0.0, 0.0, 0.0, 109.1166666667], "17": [822.5666666667, 293.9666666667, 90.3666666667, 105.9333333333, 323.25, 300.8666666667, 844.7, 732.8666666667, 548.95, 400.2166666667, 69.5, 166.5333333333, 423.65, 363.0666666667, 0.0, 0.0, 0.0, 0.15, 125.5166666667], "18": [802.6166666667, 263.1, 135.4833333333, 150.75, 511.4666666667, 180.3333333333, 382.4333333333, 719.7666666667, 585.4166666667, 275.75, 79.1166666667, 866.1833333333, 225.2666666667, 829.1333333333, 0.0, 0.0, 0.0, 0.3, 2.3], "19": [516.7833333333, 107.8666666667, 117.6, 282.5, 360.8666666667, 392.7333333333, 76.95, 357.55, 187.95, 425.55, 428.7666666667, 265.5833333333, 23.3333333333, 223.85, 0.0, 0.0, 0.0, 0.9, 2.9166666667], "20": [653.8333333333, 141.4, 363.2666666667, 305.5666666667, 258.3833333333, 181.05, 131.3, 216.3166666667, 526.5666666667, 406.3, 247.1333333333, 5.8833333333, 74.7833333333, 525.0333333333, 0.0, 0.0, 0.0, 1.25, 0.4], "21": [5.4833333333, 415.9666666667, 149.4666666667, 104.2666666667, 16.9833333333, 274.7, 70.55, 152.9166666667, 25.9, 116.25, 582.8333333333, 208.65, 158.0833333333, 150.2, 0.0, 0.0, 0.0, 1.5, 1.8166666667], "22": [97.45, 78.2666666667, 24.7333333333, 196.6833333333, 119.4166666667, 16.2, 41.65, 484.0166666667, 8.4666666667, 287.7666666667, 364.25, 6.0166666667, 223.7333333333, 120.1333333333, 0.0, 0.0, 0.0, 1.45, 0.0], "23": [220.4833333333, 497.7166666667, 86.0666666667, 0.4166666667, 0.05, 1.8833333333, 124.6666666667, 832.3166666667, 1.0833333333, 23.3666666667, 131.8, 128.9666666667, 0.9, 4.7, 0.0, 0.0, 0.0, 1.65, 19.5833333333]}}