{"file": "control_11", "boxplot_data": {"00": [107.7166666667, 79.25, 79.8666666667, 82.6, 49.3, 80.8, 294.45, 237.1833333333, 0.5833333333, 0.0, 0.0, 0.0, 54.0666666667, 172.1833333333, 83.1, 81.7666666667, 72.05], "01": [85.3666666667, 21.4833333333, 65.35, 3.3833333333, 1.8666666667, 0.0, 454.05, 61.0833333333, 2.9166666667, 0.0, 0.0, 0.0, 0.9666666667, 39.2833333333, 1.9166666667, 28.3666666667, 95.75], "02": [4.9833333333, 2.3666666667, 1.35, 0.75, 1.0333333333, 2.75, 286.3166666667, 13.2666666667, 5.8, 0.0, 0.0, 0.0, 2.5666666667, 1.4166666667, 3.2666666667, 2.1833333333, 3.0], "03": [15.9333333333, 0.6333333333, 1.2, 2.5666666667, 2.2833333333, 3.4, 26.45, 3.7833333333, 0.0, 0.0, 0.0, 0.0, 5.8833333333, 2.4833333333, 4.2166666667, 2.05, 1.7333333333], "04": [1.9333333333, 4.1166666667, 8.1333333333, 0.05, 1.8833333333, 50.7166666667, 128.0666666667, 30.4833333333, 4.4666666667, 0.0, 0.0, 0.0, 0.0, 23.9666666667, 2.4666666667, 2.9, 3.7166666667], "05": [3.5, 0.2, 4.6333333333, 374.0833333333, 4.05, 2.15, 20.6, 69.8666666667, 5.5666666667, 0.0, 0.0, 0.0, 2.35, 5.7166666667, 5.75, 6.2333333333, 4.85], "06": [192.4333333333, 38.7333333333, 85.65, 176.8333333333, 193.8333333333, 2.7, 0.8666666667, 445.2666666667, 381.6666666667, 0.0, 0.0, 0.0, 204.15, 341.5, 264.6666666667, 2.0833333333, 5.35], "07": [389.7166666667, 311.3, 375.4, 222.3833333333, 407.95, 0.4, 2.1333333333, 151.3333333333, 184.55, 0.0, 0.0, 13.6166666667, 474.3333333333, 187.8333333333, 608.8333333333, 4.2, 3.85], "08": [177.9166666667, 234.5833333333, 264.4833333333, 337.7666666667, 639.9833333333, 2.45, 11.65, 275.7166666667, 212.55, 0.4833333333, 0.0, 32.2833333333, 260.0333333333, 169.1, 259.9, 0.3, 21.2166666667], "09": [161.15, 146.55, 205.3833333333, 239.85, 271.2, 7.3666666667, 0.95, 220.4666666667, 263.15, 0.0, 0.0, 50.5333333333, 27.3, 368.4833333333, 248.55, 446.0333333333, 2.3833333333, 24.8833333333], "10": [155.55, 150.35, 284.8166666667, 228.1, 331.5333333333, 203.5, 104.7666666667, 161.3833333333, 202.4833333333, 0.0, 0.0, 86.6833333333, 33.3666666667, 353.4333333333, 416.7, 200.55, 243.55, 2.7666666667], "11": [249.2333333333, 408.3333333333, 239.4833333333, 363.35, 482.1833333333, 131.6333333333, 341.2833333333, 193.8, 268.05, 0.0, 0.0, 406.25, 185.0333333333, 224.7166666667, 260.05, 372.8166666667, 293.4, 276.65], "12": [208.2833333333, 141.8833333333, 262.6333333333, 474.65, 500.4666666667, 503.0166666667, 97.2166666667, 185.3333333333, 272.9166666667, 0.4833333333, 0.0, 0.0, 322.1666666667, 623.0333333333, 144.2333333333, 240.2166666667, 324.35, 525.5666666667], "13": [394.5, 177.9833333333, 278.65, 445.3166666667, 207.2, 56.1166666667, 66.9166666667, 162.6833333333, 166.1666666667, 0.1333333333, 0.0, 32.2692307692, 176.8666666667, 355.75, 293.9166666667, 200.9333333333, 386.45, 571.0666666667], "14": [222.8, 593.8, 491.9666666667, 262.8333333333, 180.6666666667, 176.9166666667, 86.4, 178.05, 228.5333333333, 0.0, 0.0, 279.6833333333, 281.0333333333, 126.05, 330.8833333333, 633.4333333333, 631.5333333333], "15": [475.1, 175.2833333333, 396.05, 411.0666666667, 857.7333333333, 253.3833333333, 91.6333333333, 245.3166666667, 315.25, 0.0, 0.05, 386.3666666667, 323.5833333333, 421.9, 936.6666666667, 328.5166666667, 499.5], "16": [17.2833333333, 68.5833333333, 266.2666666667, 730.45, 294.05, 326.6833333333, 22.8333333333, 325.1333333333, 0.0, 0.0, 0.0, 103.9333333333, 344.6666666667, 1.5166666667, 27.05, 124.95, 269.8666666667], "17": [38.8166666667, 364.9, 386.1833333333, 386.55, 700.1333333333, 307.5, 80.65, 171.0833333333, 0.0, 0.0, 0.0, 221.5333333333, 20.4833333333, 0.0, 317.8333333333, 192.1666666667, 440.7], "18": [17.2166666667, 1307.2333333333, 3.3166666667, 0.0, 544.4666666667, 272.2166666667, 119.75, 399.8333333333, 0.3333333333, 0.0, 0.0, 309.4166666667, 24.3333333333, 386.7833333333, 529.95, 744.0, 124.0166666667], "19": [175.4833333333, 392.3666666667, 74.75, 40.4166666667, 355.4833333333, 284.1833333333, 20.4333333333, 237.7333333333, 0.0, 0.0, 0.0, 12.5666666667, 210.8333333333, 365.8666666667, 117.6666666667, 152.25, 232.45], "20": [399.9833333333, 174.7, 158.9833333333, 422.65, 320.3833333333, 250.2, 149.15, 437.1666666667, 0.0, 0.0, 0.0, 154.2, 58.2166666667, 88.3666666667, 278.0166666667, 272.3666666667, 41.85], "21": [43.8166666667, 401.25, 296.8666666667, 794.1833333333, 127.45, 291.45, 47.9166666667, 303.0833333333, 0.0, 0.0, 0.0, 193.0, 178.45, 50.1666666667, 235.0666666667, 213.9333333333, 55.2666666667], "22": [189.4333333333, 91.0333333333, 141.0333333333, 891.1, 181.3333333333, 156.6166666667, 23.6833333333, 103.9, 0.0, 0.0, 0.0, 333.9166666667, 75.4333333333, 100.9166666667, 282.95, 218.1333333333, 68.1666666667], "23": [135.8666666667, 125.5666666667, 175.0333333333, 362.85, 129.5333333333, 158.2833333333, 36.4, 51.1333333333, 0.0, 0.0, 0.0, 252.3833333333, 60.1166666667, 83.95, 41.65, 102.0666666667, 27.8666666667]}}