{"file": "control_1", "boxplot_data": {"00": [108.5166666667, 1.45, 0.0, 3.0, 0.0, 0.0, 0.0, 0.0, 0.0, 3.0, 0.0, 0.5, 0.0, 0.0, 0.0, 0.0, 2.9, 3.0, 8.0583333333, 24.7, 9.5666666667, 74.7, 175.0, 53.0666666667, 318.3666666667, 38.4666666667, 23.6, 30.25, 286.7833333333, 336.2833333333, 98.6166666667], "01": [4.7, 0.0, 0.0, 3.0, 0.0, 0.0, 0.0, 0.0, 0.0, 3.0, 0.0, 0.05, 0.0, 0.0, 0.0, 0.0, 3.0, 3.0, 4.975, 4.3916666667, 7.2833333333, 7.375, 175.0, 6.1333333333, 42.1833333333, 8.0666666667, 7.0333333333, 4.7833333333, 121.2333333333, 549.1, 38.15], "02": [13.9, 0.0, 0.0, 3.0, 0.0, 0.0, 0.0, 0.0, 0.0, 3.0, 0.0, 0.0, 0.0, 0.0, 0.0, 0.0, 3.0, 3.0, 4.5166666667, 5.9416666667, 7.5, 5.7583333333, 175.0, 3.45, 14.8833333333, 5.6333333333, 5.25, 7.1, 1.9166666667, 9.4666666667], "03": [8.2833333333, 0.0, 0.0, 3.0, 0.0, 0.0, 0.0, 0.0, 0.0, 3.0, 0.0, 0.0, 0.0, 0.0, 0.0, 0.25, 3.0, 3.0, 18.3416666667, 3.325, 6.0, 5.5083333333, 175.0, 8.0666666667, 4.1833333333, 12.7833333333, 13.3666666667, 9.45, 5.6333333333, 1016.0333333333, 2.9333333333], "04": [12.3, 0.0, 0.0, 3.0, 0.0, 0.0, 0.0, 0.0, 0.05, 3.0, 0.0, 0.0, 0.0, 0.0, 0.0, 0.9, 3.0, 3.0, 6.6833333333, 4.8416666667, 13.2583333333, 24.1583333333, 175.0, 17.0833333333, 16.7333333333, 39.4, 16.0666666667, 1.2833333333, 14.0166666667, 25.6833333333, 17.9666666667], "05": [6.2, 0.0, 0.0, 3.0, 0.0, 0.0, 0.0, 0.0, 0.05, 3.0, 0.0, 0.0, 0.0, 0.0, 0.0, 2.05, 3.0, 3.0, 3.9166666667, 8.8, 5.1583333333, 13.7833333333, 175.0, 6.2833333333, 5.05, 15.0833333333, 1.75, 20.0333333333, 1.85, 3.4333333333, 1.0], "06": [11.1333333333, 0.0, 0.0, 3.0, 0.0, 0.0, 0.0, 0.0, 0.5, 2.9, 0.0, 0.0, 0.0, 0.0, 0.0, 2.8, 3.0, 3.0, 9.9666666667, 30.9583333333, 16.9416666667, 9.7416666667, 175.0, 6.75, 22.1833333333, 9.5333333333, 14.0166666667, 8.4333333333, 11.9666666667, 8.0666666667, 15.9833333333], "07": [523.0333333333, 0.0, 0.0, 3.0, 0.0, 0.0, 0.0, 0.0, 0.65, 2.15, 0.15, 0.0, 0.0, 0.0, 0.0, 2.75, 3.0, 3.0, 14.8083333333, 368.1, 9.9333333333, 7.6333333333, 177.425, 21.05, 15.7166666667, 10.1, 11.8166666667, 16.3833333333, 39.1833333333, 0.4666666667, 5.4166666667], "08": [104.0333333333, 0.0, 0.0, 3.0, 0.0, 0.0, 0.0, 0.0, 0.95, 1.7, 0.25, 0.0, 0.0, 0.0, 0.0, 2.95, 3.0, 3.0, 38.2333333333, 146.6416666667, 122.125, 50.5166666667, 176.4166666667, 8.8666666667, 94.4166666667, 25.6333333333, 30.2, 21.2, 29.6166666667, 8.1666666667, 26.0666666667], "09": [217.1833333333, 0.0, 1.4833333333, 47.5333333333, 0.0, 0.0, 0.0, 0.0, 0.8, 0.25, 0.05, 0.0, 0.0, 0.0, 0.0, 2.9, 3.0, 3.0, 156.875, 150.7833333333, 189.4, 206.95, 175.0, 10.3666666667, 494.7333333333, 5.7333333333, 286.5833333333, 44.8, 351.05, 2.4333333333, 14.4333333333], "10": [207.75, 0.7166666667, 364.8166666667, 1004.1333333333, 0.0, 0.0, 0.0, 0.0, 1.0, 82.6333333333, 0.05, 0.0, 0.0, 0.0, 0.0, 2.95, 3.0, 3.0, 218.3416666667, 248.0583333333, 79.3833333333, 189.4083333333, 180.7583333333, 516.6666666667, 168.8333333333, 8.5, 420.6666666667, 163.9, 391.4166666667, 6.6833333333, 655.9166666667], "11": [237.9666666667, 455.0, 97.6333333333, 159.3333333333, 0.0, 0.0, 0.0, 0.0, 1.3, 1.05, 0.05, 0.0, 0.0, 0.0, 0.0, 2.95, 3.0, 3.0, 57.475, 98.5916666667, 129.9333333333, 226.975, 175.4833333333, 263.7166666667, 265.65, 240.05, 122.6833333333, 206.5666666667, 436.7333333333, 167.8333333333, 249.0666666667], "12": [417.0666666667, 1775.2, 44.3, 93.75, 0.0, 0.0, 0.0, 1.4333333333, 1.35, 0.1, 0.45, 0.0, 0.0, 0.0, 0.0, 2.95, 3.0, 3.0, 205.775, 101.225, 197.6166666667, 243.0333333333, 406.4788732394, 280.3666666667, 471.65, 343.3333333333, 147.3833333333, 375.0, 437.0666666667, 697.0333333333, 305.25], "13": [119.5166666667, 21.6166666667, 121.1, 0.0, 0.0, 0.0, 0.0, 0.0, 1.2, 0.0, 0.9, 0.0, 0.0, 0.0, 0.0, 2.9, 3.0, 3.0, 134.5416666667, 117.9083333333, 245.475, 47.0583333333, 399.0833333333, 235.55, 203.65, 562.5333333333, 266.1, 179.7333333333, 683.6, 1005.0833333333, 86.8166666667], "14": [312.6666666667, 0.0, 181.1333333333, 0.0, 0.0, 0.0, 0.0, 0.0, 1.6, 0.0, 1.1, 0.0, 0.0, 0.0, 0.0, 2.1, 3.0, 3.0, 83.225, 72.0416666667, 159.3916666667, 132.9333333333, 481.2, 393.6666666667, 601.1166666667, 387.0666666667, 407.05, 201.8666666667, 96.8166666667, 420.9166666667, 299.3333333333], "15": [301.1333333333, 0.05, 55.3333333333, 0.0, 0.0, 0.0, 3.2333333333, 0.0, 2.65, 0.0, 0.35, 0.0, 0.0, 0.0, 0.0, 0.55, 3.0, 79.7416666667, 218.6833333333, 84.2166666667, 237.6416666667, 144.25, 441.45, 139.5666666667, 903.1, 509.85, 487.0, 293.7, 301.5333333333, 194.1, 314.1], "16": [0.0, 0.0, 1.5, 0.0, 0.0, 0.0, 0.0, 0.0, 2.6, 0.0, 1.15, 0.0, 0.0, 0.0, 0.0, 0.25, 2.25, 133.425, 67.65, 252.2, 170.3333333333, 50.475, 205.2166666667, 702.0, 908.6833333333, 152.1666666667, 395.4, 425.0166666667, 807.2333333333, 479.7, 786.6333333333], "17": [0.05, 826.2, 511.0666666667, 0.0, 0.0, 0.0, 0.0, 0.0, 2.75, 0.15, 0.2, 0.0, 0.0, 0.0, 0.0, 0.0, 0.0, 552.7166666667, 162.7916666667, 55.9333333333, 4.1583333333, 152.8166666667, 324.1, 564.5833333333, 603.1, 404.9833333333, 261.9333333333, 495.8833333333, 881.1166666667, 369.65, 663.6833333333], "18": [1.3, 0.2, 270.3666666667, 0.0, 0.0, 0.0, 0.0, 0.0, 2.9, 0.0, 0.35, 0.0, 0.0, 0.0, 0.0, 0.0, 0.0, 169.3166666667, 305.5083333333, 252.825, 55.0333333333, 177.7916666667, 201.4333333333, 300.95, 424.7833333333, 179.85, 78.45, 1042.9166666667, 257.3, 121.4, 197.9666666667], "19": [2.65, 0.0, 2.8, 0.0, 0.0, 0.0, 0.0, 0.0, 2.8, 0.0, 0.0, 0.0, 0.0, 0.0, 0.0, 0.0, 0.0, 283.9166666667, 132.8166666667, 143.0, 69.4416666667, 92.0, 329.1166666667, 138.2166666667, 803.4833333333, 106.9, 174.95, 678.4, 104.6166666667, 106.2833333333, 884.4833333333], "20": [3.0, 0.0, 3.0, 0.0, 0.0, 0.0, 0.0, 0.0, 2.9, 0.0, 0.0, 0.0, 0.0, 0.0, 0.0, 0.0, 0.0, 211.4083333333, 93.3333333333, 58.0083333333, 52.8166666667, 92.025, 444.0333333333, 392.7166666667, 244.1166666667, 423.6666666667, 119.7166666667, 544.3333333333, 641.65, 332.5166666667, 216.9], "21": [0.55, 0.05, 4.0166666667, 0.0, 0.0, 0.0, 0.0, 0.0, 3.0, 0.0, 0.05, 0.0, 0.0, 0.0, 0.0, 0.2333333333, 1.75, 100.3, 158.6666666667, 132.3083333333, 88.75, 92.5, 252.8333333333, 292.2666666667, 340.8, 494.7166666667, 44.8, 240.6166666667, 204.7, 236.8833333333, 234.5333333333], "22": [2.5166666667, 3.55, 3.0, 1.6666666667, 0.0, 0.0, 0.0, 0.0, 3.0, 0.0, 0.6, 0.0, 0.0, 0.0, 0.0, 0.65, 3.0, 122.4833333333, 99.8166666667, 239.3333333333, 57.4, 93.45, 354.9833333333, 248.5166666667, 122.6833333333, 309.1, 641.9333333333, 120.75, 251.3, 178.1, 174.7], "23": [1.1, 0.0, 3.0, 0.0, 0.0, 0.0, 0.0, 0.0, 3.0, 0.0, 0.5, 0.0, 0.0, 0.0, 0.0, 1.95, 3.0, 100.7083333333, 47.8416666667, 132.9666666667, 130.9416666667, 91.9666666667, 251.85, 56.2666666667, 367.0666666667, 495.3, 417.4166666667, 120.5333333333, 274.5166666667, 280.2833333333, 268.65]}}