{"file": "control_12", "boxplot_data": {"00": [46.2333333333, 48.7166666667, 3.0166666667, 5.5333333333, 85.1166666667, 112.4666666667, 95.4666666667, 101.2666666667, 51.8666666667, 0.9166666667, 2.0, 4.1, 0.0, 0.0, 0.0666666667, 2.0, 2.0, 2.0, 0.0, 48.0166666667, 1.9166666667, 64.15, 41.2, 96.45], "01": [96.0666666667, 45.4833333333, 26.5166666667, 2.65, 12.3333333333, 50.15, 5.7666666667, 60.5833333333, 62.95, 0.1833333333, 2.0, 4.0, 0.0, 0.0, 0.1666666667, 2.0, 2.0, 2.0, 0.0, 4.35, 6.75, 2.8833333333, 0.3833333333, 8.9], "02": [38.6166666667, 1.3166666667, 11.0, 4.0166666667, 8.1833333333, 2.2166666667, 26.1833333333, 1.9666666667, 0.85, 0.0, 2.75, 4.0, 0.0, 0.0, 0.3, 2.0, 2.0, 2.0, 0.0, 10.4166666667, 6.15, 4.5, 1.2666666667, 0.4666666667], "03": [14.65, 20.3166666667, 4.2666666667, 6.5333333333, 70.7833333333, 19.5833333333, 0.0, 20.9, 8.5166666667, 0.3, 2.75, 4.0, 0.0, 0.0, 0.7666666667, 2.0, 2.0, 1.9333333333, 0.0, 3.4666666667, 3.3333333333, 5.15, 4.3333333333, 5.1333333333], "04": [8.0666666667, 2.4166666667, 8.6166666667, 61.3, 44.9166666667, 0.7833333333, 17.4, 0.7833333333, 4.85, 0.0, 2.1333333333, 4.0, 0.0, 0.0, 1.0333333333, 2.0, 2.0, 1.6666666667, 0.0, 0.7333333333, 12.3833333333, 20.3, 21.2333333333, 6.2833333333], "05": [24.0333333333, 5.9, 2.4333333333, 244.35, 0.6666666667, 4.3166666667, 5.8, 2.9, 55.5166666667, 0.0, 2.0, 4.0, 0.0, 0.0, 1.7666666667, 2.0, 2.0, 1.4666666667, 0.0, 15.7, 3.0, 3.7166666667, 25.8166666667, 2.6166666667], "06": [3.2833333333, 66.5666666667, 4.0, 104.4333333333, 5.3, 0.0333333333, 9.0166666667, 14.9, 136.55, 0.0, 2.5666666667, 4.1833333333, 0.0, 0.0, 1.9666666667, 2.0, 2.0, 0.4666666667, 0.0, 397.0833333333, 372.5833333333, 5.9333333333, 230.0, 8.4666666667], "07": [7.65, 334.7333333333, 6.0166666667, 42.7, 0.0, 15.8666666667, 1.9, 4.05, 65.7, 0.0, 3.0, 4.0, 0.0, 0.0, 2.0, 2.0, 2.0, 0.1, 85.0666666667, 242.3666666667, 234.8, 4.2, 154.1833333333, 241.75], "08": [8.95, 288.45, 34.9166666667, 259.3166666667, 87.1833333333, 1.3833333333, 9.5833333333, 5.05, 1.0166666667, 0.6333333333, 3.0, 4.5166666667, 0.0, 0.0, 1.9666666667, 2.0, 2.0, 1.2, 2.1833333333, 256.9333333333, 229.6333333333, 4.1833333333, 143.2166666667, 372.7333333333], "09": [0.95, 207.6166666667, 4.3166666667, 272.6666666667, 325.4166666667, 0.6, 69.2666666667, 119.75, 31.3, 0.3166666667, 3.0, 4.0, 0.0, 0.0, 2.05, 2.0, 2.0, 36.6333333333, 0.0, 38.6666666667, 204.4666666667, 481.4166666667, 92.6833333333, 168.1333333333, 262.7], "10": [288.75, 253.1666666667, 187.25, 263.6833333333, 288.6333333333, 140.2833333333, 137.6666666667, 407.1666666667, 370.8, 0.9, 3.1666666667, 9.75, 0.0, 0.0, 0.3333333333, 2.0, 2.0, 0.0, 31.6470588235, 43.0, 276.95, 690.4, 315.5833333333, 418.4666666667, 314.2333333333], "11": [246.4833333333, 193.4166666667, 393.3333333333, 222.2833333333, 561.7666666667, 685.0833333333, 163.95, 319.3166666667, 189.6333333333, 1.9666666667, 3.9666666667, 31.9333333333, 0.0, 0.0, 1.1666666667, 2.0, 2.0, 121.6333333333, 104.0333333333, 453.95, 200.3333333333, 611.1666666667, 277.2833333333, 155.9333333333], "12": [210.0666666667, 337.8666666667, 522.2666666667, 222.4833333333, 400.8833333333, 502.55, 70.0166666667, 407.7166666667, 237.0666666667, 2.0, 3.0166666667, 29.3, 0.0, 0.0, 1.4333333333, 2.0, 2.0, 157.2666666667, 383.3666666667, 409.2833333333, 456.4333333333, 304.6, 329.0333333333, 177.25], "13": [370.9, 314.4, 352.5, 118.5333333333, 199.8833333333, 608.8833333333, 125.35, 458.1, 517.95, 2.0, 3.2666666667, 15.6, 0.0, 0.0, 1.1333333333, 2.0, 2.0, 10.0166666667, 311.7666666667, 242.7333333333, 481.95, 208.1333333333, 577.5333333333, 230.2666666667], "14": [263.75, 179.15, 284.8, 23.35, 378.5666666667, 715.8, 19.7166666667, 200.3166666667, 152.65, 2.0, 3.2666666667, 18.95, 0.0, 0.0, 0.6666666667, 2.0, 2.0, 6.4666666667, 269.5333333333, 108.3333333333, 193.7666666667, 260.4, 410.1, 388.8166666667], "15": [287.7833333333, 252.75, 195.6833333333, 91.2, 14.0166666667, 269.3666666667, 482.9833333333, 304.1, 50.9666666667, 2.0, 3.3666666667, 0.2333333333, 0.0, 0.0, 0.9333333333, 2.0, 2.0, 18.8, 245.1666666667, 324.9166666667, 16.3666666667, 259.7, 282.1333333333, 136.2666666667], "16": [133.7166666667, 2.3666666667, 258.2, 138.1166666667, 182.9666666667, 9.3333333333, 22.35, 214.6666666667, 2.4333333333, 2.0, 3.9, 0.0, 0.0, 0.0, 1.4666666667, 2.0, 1.9666666667, 2.0, 222.8833333333, 8.8333333333, 115.0166666667, 324.7333333333, 527.3833333333, 342.5833333333], "17": [177.4833333333, 87.8666666667, 259.3333333333, 25.8, 91.3333333333, 141.6833333333, 2.4833333333, 145.1833333333, 120.6, 2.0, 4.0, 0.0, 0.0, 0.0, 1.5333333333, 2.0, 2.0, 2.0, 292.4166666667, 405.1833333333, 140.0166666667, 291.9166666667, 299.0166666667, 225.0666666667], "18": [377.9, 14.85, 340.1, 106.7166666667, 210.0, 258.3833333333, 162.3333333333, 197.3333333333, 38.6666666667, 2.0, 4.05, 0.0, 0.0, 0.0, 1.8333333333, 2.0, 2.0, 2.0, 392.4833333333, 8.7, 512.8833333333, 377.8833333333, 253.2666666667, 280.6166666667], "19": [140.8333333333, 51.7333333333, 192.7666666667, 144.9166666667, 8.3666666667, 196.3833333333, 5.3666666667, 132.8333333333, 211.3166666667, 2.0, 4.5666666667, 0.0, 0.0, 0.0, 1.9333333333, 2.0, 2.0, 6.5333333333, 227.75, 124.2833333333, 264.9333333333, 461.7666666667, 230.6333333333, 63.6], "20": [175.5, 73.3833333333, 119.55, 25.2333333333, 3.0666666667, 42.3833333333, 54.15, 86.8, 232.6166666667, 2.0, 4.0, 0.0, 0.0, 0.0, 2.0, 2.0, 2.0, 0.7, 245.15, 13.65, 208.7833333333, 202.55, 158.5333333333, 78.8166666667], "21": [281.8666666667, 15.4333333333, 426.3, 130.1333333333, 86.75, 26.5666666667, 191.9333333333, 62.7, 51.6833333333, 2.0, 8.8166666667, 0.0, 0.0, 0.0, 2.0, 2.0, 2.0, 0.0, 122.3166666667, 56.4833333333, 167.8166666667, 319.8833333333, 138.2666666667, 51.7166666667], "22": [91.3833333333, 1.1666666667, 274.4, 38.95, 36.8166666667, 7.8333333333, 106.75, 86.6166666667, 200.6, 2.0, 6.7, 0.0, 0.0, 0.0, 2.0, 2.0, 2.0, 12.4333333333, 105.5666666667, 182.6166666667, 182.85, 106.9166666667, 40.0666666667, 97.8166666667], "23": [105.3666666667, 125.0166666667, 276.6333333333, 2.5, 25.75, 121.8666666667, 143.0666666667, 64.5666666667, 93.6166666667, 2.05, 4.0, 0.0, 0.0, 0.0, 2.0, 2.0, 2.0, 0.0, 51.8333333333, 69.4333333333, 111.8166666667, 1.2166666667, 12.75, 51.1833333333]}}