{"file": "control_27", "boxplot_data": {"00": [17.4, 7.7666666667, 3.4333333333, 4.3666666667, 11.7333333333, 3.8333333333, 15.5333333333, 14.9833333333, 12.5, 14.0, 25.3, 4.2333333333, 297.3, 6.35], "01": [1.2666666667, 10.9166666667, 11.8666666667, 4.45, 9.2333333333, 5.1166666667, 80.5, 10.6833333333, 7.5833333333, 3.8333333333, 16.1666666667, 7.5, 14.1, 4.8166666667], "02": [6.6, 10.6, 10.6166666667, 16.9, 2.5833333333, 8.1166666667, 12.0, 6.7166666667, 7.8333333333, 14.5666666667, 1.75, 5.85, 8.0166666667, 88.2666666667], "03": [13.9166666667, 3.8833333333, 1.7833333333, 5.7166666667, 4.55, 4.7166666667, 9.6333333333, 1.0166666667, 14.0833333333, 12.0666666667, 11.7833333333, 3.4333333333, 18.65, 4.8666666667], "04": [16.1666666667, 5.5833333333, 6.65, 7.1666666667, 75.2666666667, 11.6166666667, 10.0, 16.4166666667, 1.3666666667, 3.8333333333, 5.2333333333, 13.4166666667, 5.6333333333, 9.1333333333], "05": [4.9666666667, 16.9333333333, 8.2333333333, 11.7833333333, 14.5166666667, 14.4333333333, 11.8166666667, 8.8333333333, 11.75, 10.4166666667, 12.7833333333, 10.2, 14.2, 13.2333333333], "06": [548.0166666667, 597.6, 522.1, 606.65, 17.8166666667, 14.05, 686.95, 754.4166666667, 644.8833333333, 626.7666666667, 730.1166666667, 6.9666666667, 11.4666666667, 795.2833333333], "07": [414.95, 331.6666666667, 426.2333333333, 428.0, 16.3, 444.1666666667, 573.7833333333, 564.5333333333, 406.9333333333, 549.8166666667, 604.0666666667, 569.5833333333, 9.3833333333, 627.9333333333], "08": [341.02, 224.55, 358.45, 163.7333333333, 102.0, 572.8666666667, 434.6, 191.8166666667, 162.0833333333, 441.05, 233.0333333333, 286.0166666667, 346.7166666667, 620.8833333333, 250.4666666667], "09": [255.5833333333, 258.5166666667, 457.4833333333, 253.4166666667, 259.0666666667, 503.1333333333, 366.65, 311.4, 248.1833333333, 97.8, 361.4666666667, 249.5, 605.2333333333, 441.2833333333, 233.8333333333], "10": [506.85, 314.1666666667, 188.45, 280.0666666667, 219.0166666667, 388.1166666667, 385.0833333333, 718.8, 381.95, 94.5666666667, 323.0, 274.9833333333, 442.1333333333, 809.6333333333, 195.0], "11": [125.2166666667, 220.1, 251.3833333333, 298.6666666667, 289.7666666667, 788.4833333333, 49.7333333333, 606.35, 107.25, 143.4166666667, 282.9333333333, 308.9, 764.2166666667, 27.4, 295.9], "12": [328.9833333333, 168.3, 277.1166666667, 410.2, 542.6833333333, 579.1666666667, 433.3833333333, 190.3166666667, 442.15, 220.35, 530.0833333333, 205.1166666667, 576.4666666667, 136.7666666667, 327.95], "13": [511.9333333333, 273.9166666667, 368.3666666667, 753.9, 812.4, 1073.45, 395.2, 136.0833333333, 130.95, 393.7, 666.8833333333, 393.2333333333, 880.5833333333, 537.3, 316.375], "14": [847.5833333333, 400.8833333333, 80.2, 293.0, 391.0333333333, 686.9833333333, 520.6666666667, 163.9166666667, 732.8833333333, 234.35, 649.7833333333, 828.2833333333, 878.7666666667, 626.3166666667], "15": [211.4166666667, 470.6833333333, 241.1333333333, 228.05, 356.0, 303.3, 744.2333333333, 276.45, 717.6166666667, 517.6333333333, 91.3833333333, 639.8, 1175.4166666667, 285.85], "16": [413.2333333333, 378.1166666667, 451.4166666667, 429.6666666667, 435.9, 307.9333333333, 499.0833333333, 625.55, 452.8166666667, 389.6166666667, 674.2166666667, 479.0666666667, 858.6, 354.0666666667], "17": [511.5666666667, 750.0833333333, 802.7, 752.9333333333, 266.6333333333, 149.15, 151.95, 274.6166666667, 590.3833333333, 1200.5, 777.7, 860.2666666667, 258.6166666667, 439.25], "18": [164.4, 781.3833333333, 303.8, 487.7833333333, 346.25, 229.0333333333, 629.8, 235.6666666667, 931.3, 359.35, 485.8666666667, 795.9333333333, 259.2833333333, 113.95], "19": [419.8666666667, 237.5, 282.8333333333, 426.9166666667, 341.1333333333, 484.9, 276.55, 731.6166666667, 62.8166666667, 443.1166666667, 465.55, 376.2, 243.0, 545.0333333333], "20": [141.3166666667, 102.7, 308.3666666667, 217.65, 158.6666666667, 672.0333333333, 189.2166666667, 170.4166666667, 92.8333333333, 234.9166666667, 604.4166666667, 640.55, 133.6333333333, 156.3666666667], "21": [276.1166666667, 127.1, 135.7, 178.75, 165.7166666667, 163.5333333333, 141.4, 250.2166666667, 619.3666666667, 449.55, 303.2166666667, 189.75, 170.0666666667, 139.5], "22": [578.0, 619.7333333333, 624.9166666667, 684.1666666667, 651.2833333333, 789.5333333333, 705.4333333333, 756.0, 703.1, 720.25, 708.3833333333, 723.5166666667, 767.9166666667, 765.9666666667], "23": [118.9, 265.1666666667, 290.9166666667, 107.0333333333, 278.95, 297.05, 536.8333333333, 215.7333333333, 173.9166666667, 275.4, 188.55, 344.9166666667, 1042.4166666667, 206.3]}}