{"file": "control_28", "boxplot_data": {"00": [272.45, 326.2333333333, 303.3666666667, 71.1, 201.9333333333, 324.3666666667, 261.1833333333, 203.6833333333, 467.0666666667, 225.0, 490.2666666667, 12.8833333333, 355.0666666667, 476.3333333333, 149.3333333333, 285.8833333333, 274.6166666667], "01": [3.8333333333, 17.6333333333, 92.5666666667, 163.2166666667, 252.0333333333, 264.9166666667, 424.2833333333, 481.7, 106.8166666667, 23.05, 253.6, 53.9166666667, 36.1333333333, 97.4333333333, 330.9, 119.0, 11.3333333333], "02": [6.4, 9.0333333333, 20.4833333333, 10.0333333333, 6.95, 15.6666666667, 2.4333333333, 185.6166666667, 10.5, 2.2666666667, 7.9666666667, 77.6333333333, 14.1166666667, 51.35, 7.8833333333, 16.5333333333, 15.4], "03": [38.1166666667, 9.9333333333, 5.8833333333, 27.9333333333, 11.8666666667, 24.8833333333, 3.5666666667, 1.6, 49.8833333333, 37.0, 4.2666666667, 196.3166666667, 10.5, 27.9833333333, 13.45, 5.75, 34.9166666667], "04": [151.4833333333, 33.8, 17.5666666667, 34.05, 79.6333333333, 64.7833333333, 32.8666666667, 83.5, 18.6, 7.1666666667, 9.35, 6.8, 183.1166666667, 87.2166666667, 12.6333333333, 43.9666666667, 18.9333333333], "05": [12.4833333333, 132.0833333333, 36.6333333333, 16.1833333333, 20.9166666667, 32.0166666667, 137.95, 17.5, 15.35, 88.55, 444.2, 36.85, 39.1666666667, 198.0833333333, 22.2333333333, 47.9333333333, 34.15], "06": [205.3, 31.5833333333, 295.3166666667, 63.85, 17.45, 268.1333333333, 112.1666666667, 35.7333333333, 414.2833333333, 241.3833333333, 266.4833333333, 128.8833333333, 66.8666666667, 15.6333333333, 79.85, 82.9333333333, 273.7333333333], "07": [456.8, 54.5833333333, 496.8666666667, 48.6166666667, 254.45, 594.8166666667, 121.4, 31.7, 870.3833333333, 591.2, 314.6333333333, 329.7833333333, 393.0833333333, 215.5833333333, 26.8833333333, 491.0833333333, 773.4166666667], "08": [212.5, 323.6666666667, 306.2166666667, 359.05, 464.2166666667, 343.7333333333, 959.35, 364.7666666667, 289.4666666667, 266.0166666667, 148.6333333333, 373.4333333333, 460.5166666667, 205.7, 34.5, 471.0333333333, 282.85], "09": [238.4, 399.85, 431.05, 429.3833333333, 261.2, 303.85, 394.4, 602.0666666667, 285.5333333333, 153.1833333333, 116.8, 75.3833333333, 104.6833333333, 398.35, 258.0166666667, 241.9666666667, 211.0166666667], "10": [305.6, 429.2666666667, 288.1166666667, 344.1666666667, 393.3, 469.9464285714, 254.0166666667, 278.1166666667, 287.9166666667, 249.85, 393.7, 393.85, 106.4333333333, 131.8166666667, 238.45, 171.2333333333, 560.2833333333, 138.8], "11": [663.8333333333, 464.0333333333, 332.3166666667, 328.2, 198.25, 468.55, 514.45, 534.5666666667, 275.1333333333, 689.1833333333, 167.6333333333, 146.9833333333, 188.2833333333, 499.3166666667, 707.9333333333, 509.65, 356.8166666667], "12": [347.35, 633.2, 624.4333333333, 265.6833333333, 412.0666666667, 542.1666666667, 259.9333333333, 494.9, 283.6333333333, 348.5166666667, 315.1833333333, 314.2, 365.3666666667, 319.3833333333, 536.55, 587.9333333333, 164.0666666667], "13": [735.8833333333, 128.6666666667, 387.45, 202.5666666667, 500.3333333333, 236.45, 597.5666666667, 381.9333333333, 346.2666666667, 496.1166666667, 204.6666666667, 101.3666666667, 308.85, 744.4333333333, 438.4833333333, 890.5166666667, 342.3333333333], "14": [452.1333333333, 544.45, 638.75, 520.2333333333, 427.2333333333, 338.3, 574.5666666667, 347.8, 311.6333333333, 229.8, 120.8333333333, 189.0333333333, 425.7833333333, 300.7166666667, 325.3, 563.95, 181.95], "15": [576.9833333333, 674.65, 450.35, 536.0666666667, 387.6833333333, 463.1, 686.25, 539.2166666667, 855.4, 414.5166666667, 114.9166666667, 282.6, 191.9166666667, 482.1833333333, 650.4666666667, 662.2, 700.5833333333], "16": [369.7, 315.0333333333, 341.7333333333, 900.15, 402.8333333333, 320.55, 155.8666666667, 542.7, 405.7166666667, 677.1666666667, 614.55, 218.55, 465.2666666667, 1288.6166666667, 254.2833333333, 513.5, 713.9166666667], "17": [401.25, 256.9, 374.7166666667, 332.6833333333, 618.4666666667, 275.7666666667, 815.9833333333, 532.3833333333, 389.5666666667, 533.5666666667, 325.4, 527.6166666667, 543.1666666667, 305.4, 304.6166666667, 362.1333333333, 453.8833333333], "18": [101.6833333333, 728.2833333333, 233.5833333333, 399.6666666667, 314.5666666667, 609.9666666667, 497.4166666667, 260.4333333333, 158.2666666667, 162.8666666667, 323.15, 388.2166666667, 372.8, 150.0, 187.2, 379.45, 345.5833333333], "19": [286.3166666667, 507.9, 275.9166666667, 183.5666666667, 220.7666666667, 543.9166666667, 625.35, 349.1833333333, 147.05, 539.4, 163.9333333333, 142.35, 407.0166666667, 151.0833333333, 241.8166666667, 578.75, 417.65], "20": [243.7333333333, 341.0333333333, 477.4166666667, 234.1, 220.6, 342.2166666667, 391.15, 172.8666666667, 374.1833333333, 579.5666666667, 306.5, 582.0, 314.9166666667, 619.3666666667, 381.95, 531.2, 491.1666666667], "21": [495.9833333333, 686.4833333333, 316.25, 179.7833333333, 280.1333333333, 222.6, 91.0333333333, 287.1166666667, 560.8, 213.6666666667, 422.2666666667, 250.9333333333, 225.7166666667, 380.8666666667, 304.75, 538.5333333333, 335.8666666667], "22": [263.2666666667, 326.8666666667, 531.75, 280.6666666667, 278.0666666667, 254.2166666667, 262.8666666667, 550.5666666667, 476.4833333333, 197.1, 221.3, 229.4833333333, 283.95, 290.6833333333, 129.1, 287.2166666667, 285.2], "23": [146.45, 269.7666666667, 302.7333333333, 178.85, 227.1333333333, 331.2166666667, 305.7333333333, 212.85, 141.3166666667, 166.9166666667, 156.0666666667, 116.7166666667, 299.9, 112.7, 236.75, 181.05, 295.0833333333]}}