{"file": "control_24", "boxplot_data": {"00": [270.3166666667, 367.3666666667, 77.7166666667, 264.5, 364.7333333333, 658.55, 110.7166666667, 376.5666666667, 136.2833333333, 17.9833333333, 422.8333333333, 191.4, 2.5333333333, 85.3833333333, 785.1333333333], "01": [258.8333333333, 46.9, 3.6333333333, 1.4166666667, 38.6666666667, 748.1166666667, 576.65, 4.6833333333, 4.8166666667, 35.0833333333, 16.3, 309.75, 35.0166666667, 256.6, 560.5833333333], "02": [156.45, 13.6333333333, 14.2166666667, 3.8333333333, 11.4166666667, 847.8166666667, 12.5666666667, 5.15, 2.9, 5.4833333333, 10.7833333333, 9.7, 11.3666666667, 10.7333333333, 658.8333333333], "03": [1.7833333333, 2.3833333333, 5.2, 7.85, 1.1166666667, 161.0333333333, 5.2166666667, 14.3666666667, 4.9166666667, 0.4333333333, 5.1166666667, 3.55, 5.1166666667, 9.6833333333, 24.2333333333], "04": [7.2333333333, 11.5166666667, 3.9833333333, 5.5833333333, 6.75, 11.85, 7.5833333333, 10.35, 4.9666666667, 0.8666666667, 5.5666666667, 5.4833333333, 5.6833333333, 7.35, 14.1333333333], "05": [7.3666666667, 9.6166666667, 16.1, 8.6666666667, 11.7666666667, 2.3833333333, 5.6333333333, 6.9666666667, 13.0166666667, 18.95, 5.2833333333, 3.1333333333, 9.3, 7.5666666667, 6.35], "06": [6.6666666667, 14.9666666667, 5.4666666667, 6.5, 8.55, 4.2833333333, 3.9333333333, 10.1, 7.7833333333, 23.1166666667, 10.35, 3.4833333333, 16.3, 9.15, 17.4166666667], "07": [15.4833333333, 11.2166666667, 16.2, 16.9166666667, 16.25, 15.5, 21.5166666667, 364.1166666667, 24.9166666667, 60.4, 3.4666666667, 14.6833333333, 444.9, 7.3833333333, 12.5833333333], "08": [42.4333333333, 13.5833333333, 167.7, 22.2166666667, 226.4833333333, 5.75, 10.0833333333, 350.6, 17.25, 49.95, 30.3666666667, 11.4333333333, 746.8333333333, 9.3166666667, 10.6333333333], "09": [371.0166666667, 403.55, 843.1333333333, 108.7166666667, 881.65, 5.85, 10.65, 302.1333333333, 28.5166666667, 92.2333333333, 1273.0166666667, 424.4166666667, 348.9166666667, 530.4333333333, 21.8833333333, 30.1666666667], "10": [795.8333333333, 735.6166666667, 395.45, 413.2166666667, 148.5166666667, 128.5166666667, 120.7833333333, 397.7333333333, 237.0666666667, 72.7, 211.4666666667, 808.1, 727.9333333333, 425.0333333333, 223.7666666667, 7.2833333333], "11": [246.7666666667, 357.1166666667, 377.2, 749.3, 431.4, 366.2333333333, 354.3166666667, 460.45, 26.6, 16.8333333333, 414.9, 394.1, 420.4166666667, 206.75, 342.5, 10.2333333333], "12": [479.3833333333, 496.75, 610.6333333333, 266.8166666667, 177.75, 921.6833333333, 717.9833333333, 352.4666666667, 0.1333333333, 0.9090909091, 368.5333333333, 819.8666666667, 580.95, 1398.7, 1206.1, 457.0], "13": [380.0166666667, 423.7, 487.2833333333, 738.3833333333, 201.9666666667, 860.9666666667, 215.3666666667, 407.3166666667, 21.1166666667, 374.7333333333, 331.8833333333, 775.95, 443.7333333333, 1086.2, 457.0], "14": [548.8666666667, 698.15, 391.95, 345.2666666667, 366.9666666667, 760.65, 516.9833333333, 549.95, 0.3666666667, 352.2166666667, 723.1333333333, 456.7833333333, 1645.6666666667, 746.5333333333, 700.7333333333], "15": [227.4166666667, 438.3166666667, 482.4833333333, 562.9166666667, 249.3666666667, 278.35, 552.9833333333, 293.5833333333, 55.9333333333, 268.9, 784.3, 917.65, 334.0, 890.0166666667, 1194.1333333333], "16": [304.7666666667, 487.35, 392.8166666667, 466.6833333333, 241.4, 177.8833333333, 439.7333333333, 632.3333333333, 47.45, 467.9, 1061.1, 679.1, 1373.3, 223.7666666667, 1307.6166666667], "17": [390.65, 260.1333333333, 678.7166666667, 783.75, 677.95, 440.9333333333, 634.9, 167.9166666667, 114.2166666667, 312.25, 824.6166666667, 622.3666666667, 2644.8166666667, 193.0833333333, 652.1], "18": [369.1833333333, 620.2666666667, 1274.2166666667, 212.55, 1087.85, 431.65, 544.7166666667, 232.6833333333, 47.1833333333, 288.3, 2235.65, 424.9, 1408.2666666667, 70.5333333333, 877.25], "19": [805.4166666667, 983.4, 251.5, 501.0333333333, 789.0333333333, 282.1, 246.9666666667, 336.9833333333, 18.6333333333, 338.8, 706.7, 329.35, 440.1666666667, 805.4333333333, 181.2666666667], "20": [1130.8, 629.5666666667, 206.4833333333, 390.9333333333, 624.0833333333, 665.0, 317.35, 987.3833333333, 50.8, 340.15, 241.0666666667, 799.1333333333, 576.0, 782.2833333333, 433.4666666667], "21": [1065.7666666667, 762.25, 351.9666666667, 338.55, 680.2833333333, 335.0, 394.6666666667, 1066.45, 96.8666666667, 1220.0, 1121.0166666667, 824.8, 819.9333333333, 766.8333333333, 1102.35], "22": [381.9333333333, 369.0166666667, 395.7666666667, 234.4333333333, 635.9666666667, 222.2166666667, 171.25, 1070.6666666667, 118.1333333333, 1065.6333333333, 605.9833333333, 217.9, 212.8, 405.7, 1069.6666666667], "23": [353.0166666667, 254.7166666667, 933.2666666667, 358.4833333333, 1020.1333333333, 140.8333333333, 311.6666666667, 653.4833333333, 9.45, 121.35, 35.35, 445.1, 87.2, 446.4833333333, 389.45]}}