{"file": "control_10", "boxplot_data": {"00": [5.0333333333, 12.9333333333, 0.0, 4.0833333333, 6.5666666667, 2.7166666667, 0.6, 69.0833333333, 5.2833333333, 0.25, 9.1, 5.55, 11.2333333333, 233.7166666667, 4.9333333333], "01": [1.1166666667, 0.6666666667, 0.0, 4.5833333333, 7.5666666667, 27.95, 1.6, 244.5333333333, 17.05, 1.7166666667, 6.3666666667, 0.0, 4.0833333333, 195.7666666667, 5.6666666667], "02": [13.6666666667, 15.45, 0.0, 11.1, 4.65, 9.6333333333, 2.65, 3.2333333333, 5.1333333333, 7.2666666667, 9.1, 12.8166666667, 5.9333333333, 133.4333333333, 12.65], "03": [1.2666666667, 16.25, 0.0, 9.8666666667, 7.6, 18.6833333333, 2.9, 3.0, 2.7833333333, 17.0, 4.65, 3.25, 8.8333333333, 2.2833333333, 4.5], "04": [13.5166666667, 5.2, 0.0, 8.8, 24.0333333333, 6.0333333333, 3.0, 3.0, 17.3333333333, 12.0333333333, 14.1, 3.05, 43.8166666667, 9.4666666667, 12.3], "05": [13.9833333333, 301.35, 0.0, 5.6333333333, 131.0666666667, 128.5833333333, 3.0, 3.0, 294.5333333333, 73.5166666667, 184.0833333333, 53.4166666667, 16.15, 18.35, 286.4666666667], "06": [3.8166666667, 625.4166666667, 0.0, 13.0333333333, 670.7166666667, 533.95, 3.0, 3.0, 997.75, 506.8, 411.25, 215.3333333333, 392.3333333333, 10.9, 861.65], "07": [14.05, 396.1333333333, 0.0, 7.0166666667, 267.7166666667, 249.0166666667, 3.0, 3.0, 323.1833333333, 500.8666666667, 521.1333333333, 540.4833333333, 318.7666666667, 42.9833333333, 290.8666666667], "08": [7.2, 708.1333333333, 67.1166666667, 9.3666666667, 777.5833333333, 841.2, 3.0, 3.0, 736.3166666667, 939.7166666667, 953.55, 544.7666666667, 937.5666666667, 319.8833333333, 1056.5666666667], "09": [24.5333333333, 700.3166666667, 12.4727272727, 6.2, 15.7833333333, 916.25, 710.85, 3.0, 3.0, 662.7833333333, 740.4166666667, 418.4, 571.0166666667, 693.0666666667, 123.25, 633.0666666667], "10": [151.7833333333, 974.8833333333, 3.2333333333, 60.5333333333, 741.85, 755.5333333333, 3.0, 43.9666666667, 575.4166666667, 1105.95, 808.5166666667, 750.2333333333, 605.4, 5.2666666667, 852.6166666667], "11": [395.3166666667, 421.9, 92.0666666667, 283.7833333333, 510.4, 356.1666666667, 3.0, 206.2333333333, 581.5, 543.1, 276.8, 578.8, 579.4666666667, 14.8166666667, 1136.65], "12": [449.25, 605.4666666667, 128.0666666667, 658.9833333333, 771.8666666667, 518.6166666667, 3.0, 450.25, 1026.7666666667, 814.2166666667, 901.35, 518.9166666667, 537.8833333333, 273.25, 598.6833333333], "13": [688.25, 359.7, 502.3666666667, 734.0666666667, 696.25, 666.7, 3.0, 310.2333333333, 614.2833333333, 107.7, 657.05, 245.4833333333, 577.2333333333, 929.3666666667, 734.1666666667], "14": [504.85, 94.7833333333, 245.5833333333, 398.95, 560.0, 710.7333333333, 3.0833333333, 248.2833333333, 590.5166666667, 256.0, 315.2333333333, 376.2666666667, 610.6166666667, 408.4333333333, 647.8], "15": [606.9833333333, 264.25, 506.2666666667, 873.4166666667, 567.75, 253.7, 259.5166666667, 102.35, 819.3833333333, 414.55, 636.3666666667, 141.7333333333, 318.9166666667, 456.15, 275.3333333333], "16": [751.2666666667, 1.3166666667, 132.1, 397.1833333333, 94.05, 94.1666666667, 403.9833333333, 258.4166666667, 193.7166666667, 138.1, 334.4333333333, 77.15, 313.25, 681.2333333333, 51.25], "17": [621.9333333333, 0.0, 398.8833333333, 550.3333333333, 86.4333333333, 2.1, 375.85, 492.35, 261.5333333333, 63.6, 302.45, 78.9666666667, 241.8, 593.8166666667, 181.15], "18": [636.95, 0.0, 559.15, 628.4666666667, 149.2, 0.1333333333, 591.7833333333, 216.3666666667, 558.0166666667, 997.6166666667, 430.45, 384.3166666667, 396.9333333333, 419.75, 61.7], "19": [715.1, 7.6, 108.9166666667, 605.0166666667, 612.0, 0.0, 563.4666666667, 159.9833333333, 117.0333333333, 774.9833333333, 130.5833333333, 588.2666666667, 380.9666666667, 581.1666666667, 256.4], "20": [690.0833333333, 0.0, 290.8166666667, 594.9, 492.2, 0.0, 435.7833333333, 46.7833333333, 414.9166666667, 244.25, 114.4, 599.0, 422.2, 558.3, 537.7666666667], "21": [602.8333333333, 0.0, 315.3833333333, 554.4333333333, 121.3, 0.0, 178.2333333333, 70.3833333333, 80.3, 172.35, 77.05, 187.7833333333, 226.8833333333, 997.1166666667, 347.3333333333], "22": [173.3333333333, 0.0, 217.7, 178.65, 202.25, 0.0, 62.1, 184.55, 209.9333333333, 210.6666666667, 92.8666666667, 248.05, 166.3666666667, 629.5, 243.1166666667], "23": [82.6833333333, 0.0, 31.2666666667, 251.1666666667, 165.0333333333, 0.0, 40.3166666667, 0.8666666667, 5.0833333333, 87.0, 130.35, 218.2166666667, 71.05, 191.9166666667, 170.3166666667]}}