{"file": "control_9", "boxplot_data": {"00": [7.0, 6.2666666667, 29.15, 73.3, 60.95, 80.15, 75.4, 141.0833333333, 39.7333333333, 19.9, 31.35, 68.2833333333, 40.1666666667, 25.2666666667, 51.4666666667, 135.7, 5.0, 7.0, 6.0, 7.0], "01": [7.0, 6.6, 23.3333333333, 10.0166666667, 50.2333333333, 35.2666666667, 17.15, 10.4, 1.7666666667, 1.4333333333, 32.05, 97.0166666667, 98.7666666667, 99.8333333333, 123.3333333333, 54.2833333333, 5.0, 7.0, 6.1, 7.0], "02": [7.0, 6.9666666667, 101.4666666667, 0.3166666667, 32.8833333333, 5.05, 44.9666666667, 4.3, 7.4333333333, 2.0833333333, 49.8166666667, 36.6333333333, 19.6166666667, 2.9, 19.0, 5.8666666667, 5.0, 7.0, 6.4, 7.0], "03": [7.0, 7.0, 1.3666666667, 3.4333333333, 4.55, 0.7333333333, 1.45, 5.6, 9.4833333333, 4.3333333333, 68.2166666667, 1.65, 4.55, 4.7166666667, 10.2166666667, 16.4166666667, 5.0, 7.0, 6.8333333333, 7.0], "04": [7.0, 7.0, 4.6833333333, 0.7833333333, 1.8333333333, 16.6333333333, 1.8833333333, 9.3333333333, 0.5, 12.1666666667, 6.8666666667, 5.2, 1.5, 1.1, 2.0833333333, 11.7, 5.0, 7.0, 7.0, 7.0], "05": [7.0, 7.0, 4.9666666667, 5.5, 62.5333333333, 5.9666666667, 25.4833333333, 12.9, 7.9333333333, 6.6833333333, 2.1166666667, 5.4166666667, 7.3333333333, 0.8666666667, 3.3166666667, 14.8, 5.0, 7.0, 6.9666666667, 7.0], "06": [7.0, 9.9333333333, 5.15, 324.5333333333, 9.4333333333, 1.7166666667, 9.4666666667, 37.0833333333, 53.0166666667, 0.6666666667, 3.0333333333, 1.25, 63.4333333333, 35.6166666667, 4.85, 17.4833333333, 5.0, 7.0, 7.0, 7.0], "07": [7.0, 7.0, 16.7666666667, 220.9333333333, 0.95, 16.05, 12.9166666667, 522.3166666667, 429.1666666667, 29.7166666667, 6.4166666667, 10.7333333333, 366.6166666667, 13.5, 9.05, 17.4666666667, 5.0, 7.0, 7.0, 7.0], "08": [61.5166666667, 7.0, 372.1833333333, 215.95, 2.9333333333, 54.4666666667, 6.8333333333, 91.0833333333, 322.05, 121.4166666667, 6.35, 5.8166666667, 75.1833333333, 11.6333333333, 21.4833333333, 135.7, 5.0, 7.0, 7.0, 7.0], "09": [134.1166666667, 7.0333333333, 7.0, 84.65, 296.5833333333, 9.35, 2.3166666667, 212.85, 263.6333333333, 343.3666666667, 243.3, 20.3, 8.35, 311.0166666667, 258.8166666667, 2.2, 321.7333333333, 5.0, 7.0, 7.0, 7.0], "10": [52.9, 46.0, 7.0, 174.6, 237.4833333333, 81.95, 2.85, 302.4833333333, 322.1833333333, 457.2166666667, 174.8166666667, 61.1833333333, 36.9333333333, 135.65, 364.55, 28.5333333333, 88.9, 5.0, 7.0, 7.0, 7.0], "11": [5.0, 5.0, 7.0, 274.1833333333, 206.05, 202.2, 79.4333333333, 140.5, 168.7833333333, 369.5, 159.5833333333, 425.85, 83.8833333333, 178.3666666667, 435.9833333333, 84.5666666667, 5.0, 5.0, 7.0, 7.0, 7.0], "12": [8.275862069, 5.0, 26.4, 534.5166666667, 95.1166666667, 211.5, 241.2666666667, 0.1, 104.75, 639.8833333333, 6.3833333333, 303.9, 62.2666666667, 206.25, 278.7, 34.0166666667, 5.0, 10.5166666667, 7.0, 7.0, 7.0], "13": [5.7833333333, 229.3333333333, 353.25, 343.6166666667, 147.4666666667, 108.0, 478.5666666667, 252.1, 191.45, 164.1333333333, 399.4333333333, 33.3, 263.7, 281.05, 104.0333333333, 181.3666666667, 5.1833333333, 7.0, 7.0, 7.0], "14": [32.4166666667, 276.5, 150.3666666667, 306.1, 66.4, 444.0, 314.4666666667, 184.0, 271.8666666667, 130.95, 425.2, 403.35, 401.3166666667, 99.5833333333, 700.4166666667, 8.3, 5.0, 6.9333333333, 7.0, 7.0], "15": [5.0, 430.9, 366.2666666667, 350.4, 108.6333333333, 141.3666666667, 211.2166666667, 214.0, 387.6333333333, 563.8166666667, 616.6166666667, 153.4, 224.85, 288.1666666667, 450.7, 119.75, 5.1333333333, 5.9, 7.0, 7.0], "16": [5.0, 4.1, 182.0166666667, 467.15, 336.0, 479.5833333333, 232.5333333333, 6.7, 173.35, 186.3666666667, 396.1666666667, 198.8666666667, 73.8833333333, 112.15, 338.1666666667, 5.0, 5.8333333333, 5.0, 7.0, 7.0], "17": [5.0, 19.6, 205.2333333333, 368.95, 317.55, 369.8666666667, 419.2, 88.8666666667, 97.9, 45.0166666667, 621.15, 154.3666666667, 118.15, 48.1, 191.7833333333, 4.2, 6.0, 5.0, 7.0, 7.0], "18": [5.0, 268.1166666667, 82.7333333333, 402.0333333333, 187.8833333333, 213.75, 236.4833333333, 185.35, 371.0166666667, 70.7666666667, 639.6333333333, 219.2833333333, 455.9166666667, 63.9666666667, 263.65, 3.0333333333, 6.4, 5.0, 7.0, 7.0], "19": [5.0333333333, 228.4, 219.5333333333, 380.95, 107.1333333333, 56.7166666667, 242.2, 171.5, 216.0166666667, 293.4833333333, 322.9666666667, 174.4, 44.3166666667, 249.8666666667, 243.5, 3.0, 6.8833333333, 5.0666666667, 7.0, 7.0], "20": [5.1666666667, 56.5333333333, 227.35, 272.8, 47.05, 128.65, 312.7333333333, 64.75, 96.35, 1479.6333333333, 191.9166666667, 240.75, 299.4833333333, 62.4, 231.0833333333, 3.7666666667, 6.8, 5.1666666667, 7.0, 7.0], "21": [5.6333333333, 48.3333333333, 306.4833333333, 121.5333333333, 74.5833333333, 29.85, 383.8666666667, 59.7166666667, 31.2333333333, 366.85, 263.2833333333, 332.15, 250.1666666667, 113.9833333333, 312.75, 5.0, 7.0, 5.7, 7.0, 7.0], "22": [5.9, 246.9333333333, 236.55, 44.6166666667, 45.0666666667, 53.05, 93.0, 129.8666666667, 69.8833333333, 58.4333333333, 131.0666666667, 38.0, 68.8166666667, 53.4833333333, 189.0333333333, 5.0, 7.0, 5.9, 7.0, 7.0], "23": [5.9666666667, 158.1, 48.5833333333, 38.9, 55.6666666667, 26.1666666667, 163.45, 69.4333333333, 241.2166666667, 39.55, 21.6666666667, 56.1666666667, 92.3, 159.5833333333, 128.9833333333, 5.0, 7.0, 5.9666666667, 7.0, 7.0]}}