{"file": "control_3", "boxplot_data": {"00": [0.0, 0.0, 0.0, 0.0, 0.0, 0.0, 0.0, 208.6666666667, 95.325, 96.8166666667, 5.5333333333, 138.7083333333, 101.3416666667, 14.0083333333, 4.1083333333, 354.075, 5.1333333333, 0.9666666667, 6.1583333333, 121.2916666667, 0.0, 0.025, 0.0, 0.0, 0.0, 0.0, 0.0, 0.0, 0.0, 0.0], "01": [0.0, 0.0, 0.0, 0.0, 0.0, 0.0, 0.0, 31.4833333333, 10.8333333333, 6.9666666667, 6.9416666667, 27.3833333333, 3.15, 2.75, 120.4583333333, 50.8083333333, 3.475, 0.0, 0.4916666667, 11.675, 0.0, 0.0, 0.0, 0.0, 0.0, 0.0, 0.0, 0.0, 0.0, 0.0], "02": [0.0, 0.0, 0.0, 0.0, 0.0, 0.0, 0.0, 6.95, 5.7916666667, 4.1083333333, 5.3416666667, 4.35, 1.1416666667, 4.5, 1.2166666667, 97.0916666667, 0.4666666667, 44.525, 5.7, 2.225, 0.0, 0.0, 0.0, 0.0, 0.0, 0.0, 0.0, 0.0, 0.0, 0.0], "03": [0.0, 0.0, 0.0, 0.0, 0.0, 0.0, 0.0, 2.0583333333, 2.5083333333, 4.9666666667, 2.6666666667, 0.0, 4.325, 3.25, 1.7666666667, 16.2, 1.0916666667, 2.3666666667, 2.8916666667, 2.3666666667, 0.0, 0.0, 0.0, 0.0, 0.0, 0.0, 0.0, 0.0, 0.0, 0.0], "04": [0.0, 0.0, 0.0, 0.0, 0.0, 0.0, 0.0, 2.9, 5.5583333333, 8.2416666667, 5.3166666667, 5.4833333333, 5.325, 2.7416666667, 3.4, 2.125, 4.5416666667, 2.625, 3.575, 5.3166666667, 0.0, 0.0, 0.0, 0.0, 0.0, 0.0, 0.0, 0.0, 0.0, 0.0], "05": [0.0, 0.0, 0.0, 0.0, 0.0, 0.0, 0.0, 1.375, 5.2, 6.3416666667, 4.8166666667, 4.6333333333, 2.8, 5.7833333333, 3.0833333333, 1.2, 0.75, 1.4583333333, 6.6, 1.1416666667, 0.0, 0.0, 0.0, 0.0, 0.0, 0.0, 0.0, 0.0, 0.0, 0.0], "06": [0.0, 0.0, 0.0, 0.0, 0.0, 0.0, 0.0, 4.9833333333, 5.2916666667, 2.5166666667, 179.2916666667, 6.9083333333, 2.8583333333, 122.85, 8.7583333333, 2.4416666667, 4.5833333333, 4.2166666667, 161.7833333333, 4.4166666667, 0.0, 0.0, 0.0, 0.0, 0.0, 0.0, 0.0, 0.0, 0.0, 0.0], "07": [0.0, 0.0, 0.0, 0.0, 0.0, 0.0, 0.0, 4.5916666667, 7.5, 7.9833333333, 118.375, 59.4, 6.3416666667, 110.2, 7.9833333333, 5.4916666667, 2.2583333333, 121.2083333333, 195.6166666667, 88.95, 0.0, 0.0, 0.0, 0.0, 0.0, 0.0, 0.0, 0.0, 0.0, 0.0], "08": [0.0, 0.0, 0.0, 0.0, 0.0, 0.0, 0.0, 32.6416666667, 33.5666666667, 41.0, 163.2416666667, 239.8416666667, 94.325, 262.825, 193.8, 35.4416666667, 8.9833333333, 159.4583333333, 322.275, 230.4166666667, 0.0, 0.0, 0.0, 0.0, 0.0, 0.0, 0.0, 0.0, 0.0, 0.0], "09": [0.0, 0.0, 0.0, 0.0, 0.0, 0.0, 120.6416666667, 181.575, 127.3916666667, 49.2083333333, 303.5416666667, 156.4833333333, 276.4, 286.75, 237.0833333333, 9.5, 13.8833333333, 408.1833333333, 159.6833333333, 199.7166666667, 0.0, 55.1833333333, 0.0, 0.0, 0.0, 0.0, 0.0, 0.0, 0.0, 0.0], "10": [0.0, 0.0, 0.0, 0.0, 0.0, 0.0, 236.425, 122.9416666667, 205.7916666667, 152.6833333333, 321.75, 181.9083333333, 187.675, 388.2416666667, 162.3416666667, 113.9083333333, 134.3583333333, 123.6, 170.675, 245.1166666667, 0.0, 7.9166666667, 0.0, 0.0, 0.0, 0.0, 0.0, 0.0, 0.0, 0.0], "11": [0.0, 0.0, 0.0, 0.0, 0.0, 0.0, 207.7583333333, 242.0416666667, 342.6583333333, 181.65, 320.65, 88.05, 205.7416666667, 118.075, 153.775, 161.925, 133.6333333333, 224.925, 255.5166666667, 255.1916666667, 0.0, 1.4, 0.0, 0.0, 0.0, 0.0, 0.0, 0.0, 0.0, 0.0], "12": [0.0, 0.0, 0.0, 0.0, 0.1166666667, 0.0, 193.7083333333, 204.5583333333, 284.1916666667, 259.6083333333, 283.5416666667, 233.5916666667, 243.05, 86.525, 239.0, 253.0916666667, 210.1583333333, 152.0333333333, 109.85, 136.5916666667, 0.0, 0.0, 0.0, 0.0, 0.0, 0.0, 0.0, 0.0, 0.0, 0.0], "13": [0.0, 0.0, 0.0, 0.0, 0.0, 0.0, 157.125, 220.3666666667, 278.5666666667, 280.8666666667, 237.525, 256.9166666667, 181.6666666667, 270.3916666667, 221.525, 221.9583333333, 196.4083333333, 205.1833333333, 291.9416666667, 70.4583333333, 0.7666666667, 0.0, 0.0, 0.0, 0.0666666667, 0.0, 0.0, 0.0, 0.0, 0.0], "14": [0.0, 0.0, 0.0, 0.0, 0.0, 0.0, 151.3916666667, 143.5, 227.0416666667, 212.975, 168.1916666667, 270.4666666667, 208.825, 294.875, 152.9, 232.6666666667, 188.15, 218.2333333333, 159.7833333333, 144.2583333333, 0.1, 0.0, 0.0, 0.0, 0.0, 0.0, 0.0, 0.0, 0.0, 0.0], "15": [0.0, 0.0, 0.0, 0.0, 0.0, 0.3083333333, 231.9583333333, 216.5916666667, 222.2333333333, 197.2333333333, 199.65, 193.6416666667, 201.4666666667, 282.6666666667, 215.825, 120.4833333333, 172.8416666667, 198.175, 158.7166666667, 54.9333333333, 0.075, 0.0, 0.0, 0.0, 0.0, 0.0, 0.0, 0.0, 0.0, 0.0], "16": [0.0, 0.0, 0.0, 0.0, 0.0, 0.025, 119.6166666667, 298.6833333333, 541.7916666667, 292.6333333333, 313.5, 269.35, 152.45, 129.7833333333, 258.2416666667, 148.6833333333, 143.35, 370.0, 158.2416666667, 0.0, 0.0, 0.0, 0.0, 0.0, 0.0, 0.0, 0.0, 0.0, 0.0, 0.0], "17": [0.0, 0.0, 0.0, 0.0, 0.0, 0.0, 48.4166666667, 166.7083333333, 203.475, 253.925, 93.6416666667, 39.1833333333, 156.5416666667, 184.95, 229.4833333333, 41.8333333333, 297.8416666667, 309.3083333333, 42.6416666667, 18.0666666667, 0.0, 0.0, 0.0, 0.0, 0.0, 0.0, 0.0, 3.4, 0.0, 0.0], "18": [0.0, 0.0, 0.0, 0.0, 0.0, 0.0333333333, 190.5583333333, 227.0583333333, 163.825, 279.8583333333, 295.2083333333, 81.2583333333, 345.9166666667, 169.4333333333, 180.7916666667, 109.7833333333, 176.7583333333, 198.3083333333, 149.0833333333, 0.0, 0.0, 0.0, 0.0, 0.0, 0.0, 0.0, 0.0, 0.05, 0.0, 0.0], "19": [0.0, 0.0, 0.0, 0.0, 0.0, 0.0, 184.125, 166.7166666667, 215.625, 205.45, 212.2416666667, 8.525, 171.975, 278.15, 224.2583333333, 98.1166666667, 171.3583333333, 390.3333333333, 116.8916666667, 0.0, 0.0, 0.0, 0.0, 0.0, 0.0, 0.0, 0.0, 0.0, 0.0, 0.0], "20": [0.0, 0.0, 0.0, 0.05, 0.0, 0.0, 213.1416666667, 234.35, 180.2166666667, 199.675, 142.4, 61.4, 222.475, 125.0416666667, 155.95, 109.1083333333, 159.525, 194.7416666667, 139.4166666667, 24.9666666667, 0.0, 0.0, 0.0, 0.0, 0.0, 0.0, 0.0, 0.0, 0.0, 0.0], "21": [0.0, 0.0, 0.0, 0.0, 0.0, 0.0, 97.0833333333, 112.6333333333, 209.9416666667, 145.3416666667, 141.15, 123.4, 225.6916666667, 95.7166666667, 205.4833333333, 223.4166666667, 119.6333333333, 142.5, 177.375, 17.8583333333, 0.0, 0.0, 0.0, 0.0, 0.0, 0.0, 0.0, 0.0, 0.0, 0.0], "22": [0.0, 0.0, 0.0, 0.0, 0.0, 0.15, 77.45, 72.7833333333, 163.7666666667, 112.3333333333, 159.125, 72.1916666667, 225.0583333333, 79.7666666667, 290.2416666667, 20.1333333333, 162.75, 105.6083333333, 63.9833333333, 0.0, 0.0, 0.0, 0.0, 0.0, 0.0, 0.0, 0.0, 0.0, 0.0, 0.0], "23": [0.0, 0.0, 0.0, 0.0, 0.0, 0.0, 61.875, 92.1666666667, 64.325, 169.8916666667, 192.1166666667, 187.8333333333, 128.1083333333, 15.8166666667, 213.35, 105.5416666667, 17.8416666667, 72.2916666667, 105.6, 0.0, 0.0, 0.0, 0.0, 0.0, 0.0, 0.0, 0.0, 0.0, 0.0, 0.0]}}