{"file": "control_8", "boxplot_data": {"00": [37.5, 48.1666666667, 91.5666666667, 585.4833333333, 412.8833333333, 68.25, 39.2333333333, 554.35, 31.6833333333, 645.4333333333, 860.9166666667, 527.9, 92.7166666667, 17.8166666667, 0.0, 3.0, 3.0, 0.0, 0.0, 0.0], "01": [43.95, 11.4333333333, 43.6, 144.75, 40.45, 20.0666666667, 15.0666666667, 94.9166666667, 2.3666666667, 113.2166666667, 299.55, 332.0833333333, 39.0833333333, 27.8833333333, 0.0, 2.95, 3.0, 0.0, 0.0, 0.0], "02": [137.0166666667, 48.3166666667, 10.3833333333, 18.6333333333, 13.05, 7.5333333333, 9.2, 6.7333333333, 12.5333333333, 21.9, 98.7333333333, 348.3166666667, 11.05, 56.5333333333, 0.0, 2.5, 3.0, 0.0, 0.0, 0.0], "03": [17.9333333333, 18.6166666667, 57.9333333333, 8.45, 2.95, 38.3333333333, 12.5833333333, 6.65, 24.3833333333, 19.8, 7.3166666667, 96.0166666667, 4.5333333333, 15.4333333333, 0.0, 0.25, 3.0, 0.0, 0.0, 0.0], "04": [28.1833333333, 2.2333333333, 488.2166666667, 13.2166666667, 20.6, 26.1, 8.8833333333, 20.25, 23.0, 12.5666666667, 19.65, 10.1833333333, 9.9833333333, 14.9166666667, 0.0, 0.0, 3.0, 0.0, 0.0, 0.0], "05": [10.4333333333, 13.85, 957.9166666667, 20.7333333333, 15.4, 318.15, 284.4833333333, 31.2333333333, 160.85, 11.1166666667, 28.1666666667, 8.8333333333, 232.4, 97.6, 0.0, 0.0, 3.0, 0.0, 0.0, 0.0], "06": [21.0833333333, 727.5833333333, 590.4333333333, 468.3, 81.55, 812.95, 843.0666666667, 5.6833333333, 931.1666666667, 33.7333333333, 8.7166666667, 21.9333333333, 589.0833333333, 714.1333333333, 0.0, 0.0, 3.0, 0.0, 0.0, 0.0], "07": [355.7333333333, 389.6333333333, 591.7833333333, 477.45, 594.3, 467.8, 302.3666666667, 56.4166666667, 447.8666666667, 24.9333333333, 21.2833333333, 20.15, 407.5666666667, 245.2666666667, 0.0, 0.05, 3.0, 0.0, 0.0, 12.6], "08": [599.4833333333, 598.0166666667, 480.6833333333, 587.85, 814.1333333333, 492.5166666667, 577.8, 892.8833333333, 529.1333333333, 20.55, 23.15, 10.8166666667, 446.6833333333, 516.1166666667, 0.0, 1.3166666667, 30.1333333333, 0.0, 0.0, 0.0], "09": [5.6333333333, 636.0666666667, 666.7, 528.3333333333, 927.7666666667, 652.4333333333, 310.15, 625.5, 432.6333333333, 576.5666666667, 16.05, 948.2833333333, 319.8166666667, 337.0833333333, 350.7166666667, 0.0, 0.0, 223.45, 0.0, 0.0, 0.0666666667], "10": [6.5333333333, 451.2666666667, 498.8666666667, 448.95, 620.4, 612.8666666667, 566.3166666667, 261.1, 574.4666666667, 1057.2333333333, 734.45, 598.8666666667, 868.7166666667, 580.7333333333, 401.55, 0.0, 0.0, 2.65, 0.0, 0.0, 3.9655172414], "11": [2.1, 509.1833333333, 534.8833333333, 429.3833333333, 517.8, 568.4166666667, 359.55, 476.3, 461.6666666667, 535.0666666667, 1487.6833333333, 1170.0833333333, 648.9, 432.2166666667, 318.8, 0.0, 3.65, 1.15, 0.0, 0.0], "12": [1.85, 616.2333333333, 722.5666666667, 606.1666666667, 529.5833333333, 560.65, 633.7666666667, 529.7666666667, 502.9166666667, 672.4, 760.6333333333, 1306.7, 818.3333333333, 700.6666666667, 574.8, 0.0, 0.7666666667, 0.05, 0.0, 0.0], "13": [4.9833333333, 655.3666666667, 654.4, 647.2, 673.7666666667, 379.2, 110.6666666667, 444.85, 435.95, 278.5166666667, 1060.95, 985.75, 918.7833333333, 458.9666666667, 501.3166666667, 0.0, 0.0, 0.0, 0.0, 0.0], "14": [1.5, 605.3833333333, 494.6833333333, 830.2833333333, 568.4833333333, 550.1333333333, 462.6166666667, 325.05, 499.2833333333, 820.9333333333, 778.3, 659.3, 638.8833333333, 493.7833333333, 567.2166666667, 1.2, 0.2, 0.0, 0.0, 0.0], "15": [33.0833333333, 468.4833333333, 363.5333333333, 201.0833333333, 624.15, 96.7166666667, 519.0333333333, 575.95, 620.8166666667, 417.15, 663.7333333333, 447.65, 729.5, 552.4666666667, 160.95, 0.05, 0.0, 0.0, 0.0, 0.0], "16": [41.8833333333, 560.7, 473.9833333333, 380.6333333333, 133.35, 472.9, 554.1833333333, 547.2333333333, 654.8333333333, 667.6333333333, 325.55, 484.7833333333, 94.1666666667, 720.8166666667, 0.0, 2.3333333333, 0.2, 0.0, 0.0, 0.0], "17": [102.75, 580.7666666667, 443.1, 799.2833333333, 526.4666666667, 1016.35, 374.4333333333, 565.0, 556.4666666667, 646.0, 437.2333333333, 380.4, 248.7, 710.3666666667, 0.0, 2.0, 1.05, 0.0, 0.0, 0.0], "18": [687.4, 832.5833333333, 406.5666666667, 726.8333333333, 415.6, 482.6, 694.85, 392.0666666667, 657.25, 641.5333333333, 691.7333333333, 553.9166666667, 927.6666666667, 578.2166666667, 0.0, 3.0, 1.4, 0.0, 0.0, 0.0], "19": [552.45, 197.9333333333, 469.15, 418.2666666667, 272.0666666667, 700.4166666667, 840.2833333333, 740.85, 687.2833333333, 862.8333333333, 315.7, 388.45, 736.75, 556.15, 0.0, 3.0, 1.55, 0.0, 0.0, 0.0], "20": [432.9666666667, 171.7, 482.1166666667, 335.1666666667, 416.4833333333, 383.8, 567.3833333333, 758.55, 748.75, 1030.3833333333, 193.5333333333, 551.8333333333, 454.55, 623.35, 0.0, 3.0, 1.95, 0.0, 0.0, 0.0], "21": [575.6, 643.85, 504.95, 283.1333333333, 809.85, 374.2833333333, 296.6833333333, 684.8333333333, 657.8833333333, 732.55, 508.0666666667, 513.1, 596.35, 280.5833333333, 0.0, 3.0, 2.35, 0.0, 0.0, 0.0], "22": [259.1333333333, 392.95, 507.5833333333, 566.8166666667, 198.2833333333, 53.65, 500.6166666667, 497.8, 585.35, 598.75, 696.8166666667, 785.7, 317.0, 147.45, 0.0, 3.0, 5.4666666667, 0.0, 0.0, 0.0], "23": [353.75, 358.2166666667, 564.4666666667, 527.5, 1034.1666666667, 231.0333333333, 266.0833333333, 809.9333333333, 168.85, 622.4166666667, 576.1, 747.95, 45.4666666667, 8.95, 0.0, 3.0, 2.95, 0.0, 0.0, 0.0]}}