{"file": "control_13", "boxplot_data": {"00": [19.3333333333, 11.1333333333, 21.1166666667, 20.25, 38.7833333333, 23.0166666667, 19.5333333333, 24.9833333333, 70.0666666667, 0.0, 7.15, 7.9166666667, 13.2166666667, 7.55, 20.2], "01": [16.3666666667, 10.1666666667, 9.3666666667, 13.6833333333, 11.8333333333, 62.35, 23.4833333333, 20.8166666667, 26.1833333333, 0.0, 4.1666666667, 18.0833333333, 22.2666666667, 9.65, 37.3666666667], "02": [32.5166666667, 9.1666666667, 9.6333333333, 18.3333333333, 13.65, 96.7333333333, 10.2333333333, 33.6166666667, 13.75, 0.0, 29.9833333333, 0.0, 2.5333333333, 13.4833333333, 11.9333333333], "03": [16.7166666667, 9.8166666667, 30.3333333333, 15.4833333333, 21.3833333333, 12.5, 3.1333333333, 13.9333333333, 12.6333333333, 0.0, 8.3, 9.05, 7.35, 12.8, 8.6666666667], "04": [18.3166666667, 14.05, 2.75, 7.5, 8.7666666667, 24.5333333333, 19.25, 5.65, 18.2333333333, 0.0, 14.8833333333, 21.6, 11.4, 5.5, 18.9833333333], "05": [94.0666666667, 18.4666666667, 13.7333333333, 15.6166666667, 36.8166666667, 14.0833333333, 11.15, 20.15, 112.6833333333, 0.0, 103.4166666667, 14.2333333333, 10.0166666667, 39.8333333333, 34.85], "06": [866.3666666667, 7.7666666667, 17.5, 1.75, 714.5166666667, 10.35, 10.4333333333, 8.4666666667, 43.45, 0.0, 587.7166666667, 46.5166666667, 23.1166666667, 20.45, 13.4833333333], "07": [388.35, 21.7166666667, 16.5333333333, 26.8, 469.5666666667, 12.0666666667, 20.1666666667, 13.2, 13.4333333333, 0.0, 437.4666666667, 5.7833333333, 89.4333333333, 10.3, 19.7], "08": [510.05, 151.05, 200.4333333333, 32.3166666667, 323.2166666667, 15.3666666667, 16.4333333333, 2.9333333333, 5.6166666667, 185.5333333333, 328.6833333333, 115.9166666667, 215.8166666667, 5.7833333333, 27.1666666667], "09": [378.8333333333, 150.4833333333, 485.2666666667, 214.4833333333, 542.8166666667, 168.6833333333, 74.3, 191.5166666667, 232.9666666667, 22.3833333333, 36.5666666667, 507.9166666667, 329.6833333333, 297.75, 119.3166666667, 295.55], "10": [465.2666666667, 53.9666666667, 269.7, 515.4666666667, 582.2166666667, 140.0333333333, 248.5666666667, 84.3, 272.1, 0.0, 64.35, 342.3166666667, 293.9333333333, 378.3833333333, 484.1333333333, 57.8833333333], "11": [354.25, 263.6166666667, 255.3666666667, 217.1166666667, 251.8, 415.1666666667, 432.3, 348.5833333333, 571.15, 1.1333333333, 125.1333333333, 315.35, 302.2166666667, 227.5666666667, 491.7666666667, 188.5333333333], "12": [372.7833333333, 259.7166666667, 481.45, 570.6666666667, 533.9833333333, 372.6666666667, 289.4666666667, 238.1, 67.1666666667, 2.8833333333, 211.7833333333, 460.6, 281.8333333333, 454.2833333333, 244.65, 341.7333333333], "13": [424.7, 288.0, 361.5333333333, 563.3833333333, 584.9333333333, 297.3166666667, 184.9833333333, 303.5833333333, 0.8166666667, 10.1833333333, 250.4833333333, 431.85, 457.8666666667, 356.7333333333, 377.25, 283.8666666667], "14": [494.0, 86.3166666667, 295.9, 109.1333333333, 424.6833333333, 440.1833333333, 359.5333333333, 229.25, 3.75, 20.3833333333, 342.2, 309.7333333333, 492.6333333333, 415.4666666667, 418.5, 323.4666666667], "15": [611.6166666667, 101.5333333333, 196.45, 704.4, 546.0666666667, 69.9833333333, 99.15, 275.4, 76.6333333333, 190.45, 553.9166666667, 444.3333333333, 359.1333333333, 552.45, 464.2833333333, 347.2], "16": [244.0333333333, 323.2, 308.4166666667, 282.6333333333, 446.1333333333, 81.35, 114.95, 449.6833333333, 105.5833333333, 0.0, 368.9166666667, 244.5833333333, 260.0166666667, 337.25, 156.65, 79.7833333333], "17": [160.8666666667, 357.9, 417.5333333333, 385.8833333333, 377.0166666667, 184.3333333333, 160.7, 370.6, 0.0, 2.9166666667, 109.2666666667, 294.7666666667, 100.9166666667, 214.05, 324.0666666667, 89.1], "18": [394.9166666667, 207.8833333333, 120.2666666667, 84.05, 259.8, 114.3333333333, 173.15, 152.1666666667, 5.1333333333, 0.0, 159.4833333333, 673.5833333333, 653.7333333333, 286.4333333333, 78.0833333333, 327.0333333333], "19": [157.7166666667, 372.6333333333, 104.7333333333, 49.1, 314.65, 60.55, 318.9666666667, 134.5, 0.4333333333, 17.701754386, 140.2666666667, 370.1, 104.75, 404.4666666667, 132.95, 295.4], "20": [157.6833333333, 282.55, 90.0666666667, 180.8666666667, 333.8, 91.6166666667, 129.7833333333, 87.8833333333, 0.0833333333, 177.1333333333, 138.6, 129.6333333333, 190.1833333333, 83.5333333333, 79.8833333333], "21": [219.6833333333, 110.8166666667, 83.6, 70.0166666667, 80.8333333333, 99.1333333333, 74.25, 121.0833333333, 0.0333333333, 302.7, 122.8833333333, 53.45, 191.3166666667, 74.4, 92.7333333333], "22": [168.8166666667, 31.7666666667, 122.0166666667, 31.4666666667, 96.6166666667, 108.4166666667, 160.7, 8.95, 0.0, 188.6666666667, 40.8, 389.9666666667, 153.2833333333, 100.5166666667, 155.4666666667], "23": [30.15, 86.9166666667, 46.8666666667, 98.7833333333, 50.3666666667, 24.2833333333, 57.9166666667, 142.0666666667, 0.0, 45.0666666667, 109.2666666667, 280.3166666667, 74.0, 106.6166666667, 7.6333333333]}}