{"file": "control_26", "boxplot_data": {"00": [13.9333333333, 12.4, 239.0833333333, 27.0333333333, 87.65, 14.4166666667, 21.8333333333, 21.3833333333, 14.1166666667, 0.0, 0.0, 0.0, 0.0, 0.0, 0.0, 0.0, 3.0, 0.0, 10.9833333333, 278.3, 240.5666666667, 217.15, 8.4166666667], "01": [1.1333333333, 9.5833333333, 242.4, 6.1333333333, 9.6166666667, 9.3166666667, 8.4666666667, 11.6166666667, 13.2333333333, 0.0, 0.0, 0.0, 0.0, 0.0, 0.0, 0.0, 3.0, 0.0, 8.3, 273.5833333333, 248.9333333333, 5.4, 2.8], "02": [17.15, 5.3833333333, 460.3166666667, 9.05, 9.6666666667, 11.4666666667, 9.6833333333, 5.4333333333, 31.9166666667, 0.0, 0.0, 0.0, 0.0, 0.0, 0.0, 0.0, 3.5666666667, 0.0, 23.15, 260.8666666667, 591.6, 4.65, 9.2833333333], "03": [9.4166666667, 11.95, 657.4833333333, 10.9666666667, 9.4833333333, 7.85, 14.2, 22.5333333333, 10.6, 0.0, 0.0, 0.0, 0.0, 0.0, 0.0, 0.0, 5.0, 0.0, 10.7333333333, 221.65, 304.85, 7.0166666667, 11.3166666667], "04": [8.0833333333, 7.9, 4.9833333333, 93.85, 15.2833333333, 9.85, 14.1833333333, 7.6333333333, 12.1, 0.0, 0.0, 0.0, 0.0, 0.0, 0.0, 0.0, 4.9666666667, 0.0, 16.1166666667, 3.45, 247.4, 0.1666666667, 9.25], "05": [15.95, 2.25, 13.5666666667, 105.0833333333, 51.4666666667, 6.4166666667, 10.4666666667, 14.85, 16.3666666667, 0.0, 0.0, 0.0, 0.0, 0.0, 0.0, 0.0, 3.0666666667, 0.0, 11.3833333333, 123.3333333333, 270.8166666667, 9.6666666667, 9.6], "06": [19.9333333333, 10.1833333333, 9.0666666667, 6.0666666667, 15.6166666667, 22.2166666667, 9.4333333333, 54.35, 18.8333333333, 0.0, 0.0, 0.0, 0.0, 0.0, 0.0, 0.0, 3.0, 0.0, 621.4333333333, 502.8, 506.8333333333, 13.2833333333, 12.2833333333], "07": [9.5333333333, 34.95, 24.25, 97.2833333333, 186.7, 381.2833333333, 32.6666666667, 18.9333333333, 6.7333333333, 0.0, 0.0, 0.0, 0.0, 0.0, 0.0, 53.9, 3.0, 6.5666666667, 557.6666666667, 643.9833333333, 771.9666666667, 171.45, 8.3333333333], "08": [12.7166666667, 208.7333333333, 61.3833333333, 539.1833333333, 458.65, 535.8166666667, 22.4, 3.7, 70.4833333333, 0.6666666667, 0.0, 0.0, 0.0, 0.0, 0.0, 14.45, 326.3333333333, 0.0, 559.5166666667, 76.85, 5.4666666667, 838.1833333333, 515.8666666667], "09": [62.5, 854.0833333333, 515.3, 291.4666666667, 620.55, 503.25, 300.3, 19.85, 228.9, 0.0, 0.0, 0.0, 0.0, 0.0, 0.0, 17.3, 0.0, 0.0, 47.6833333333, 455.75, 8.95, 11.4166666667, 674.95, 685.0333333333], "10": [634.2166666667, 818.05, 921.5, 540.55, 480.55, 447.6666666667, 785.4166666667, 537.4333333333, 412.4666666667, 0.0, 0.0, 0.0, 0.0, 0.0, 0.0, 96.5833333333, 0.0, 0.0, 57.2833333333, 746.9166666667, 10.2166666667, 10.3333333333, 578.8, 516.5833333333], "11": [658.0666666667, 702.3166666667, 245.45, 695.35, 363.4333333333, 327.6833333333, 228.5666666667, 532.6833333333, 1123.4, 0.0, 0.0, 0.0, 0.0, 0.0, 0.0, 55.6, 0.0, 0.3, 178.3666666667, 573.5666666667, 9.0, 53.6, 527.8666666667, 718.0333333333], "12": [722.45, 785.6666666667, 281.3, 427.7333333333, 428.2666666667, 645.0166666667, 147.8333333333, 470.25, 1532.6, 0.0, 0.0, 0.0, 0.0, 0.0, 0.0, 0.0, 0.0, 1.9666666667, 594.2666666667, 817.4, 4.8666666667, 459.6833333333, 893.45, 942.1166666667], "13": [1186.1666666667, 249.1, 308.6833333333, 158.8833333333, 403.0833333333, 474.7333333333, 917.3166666667, 718.65, 1136.3833333333, 0.0, 0.0, 0.0, 0.2, 0.0, 0.0, 0.0, 0.0, 128.0, 698.5833333333, 673.35, 87.8333333333, 573.9666666667, 431.9666666667, 729.3166666667], "14": [989.0, 520.9, 374.5166666667, 518.7833333333, 623.3166666667, 517.8, 698.1666666667, 762.55, 734.4333333333, 0.0, 0.0, 0.0, 0.0, 0.0, 5.05, 0.0, 0.0, 607.95, 635.1, 493.2666666667, 960.5166666667, 843.7333333333, 272.8833333333], "15": [657.4666666667, 348.0666666667, 357.4166666667, 434.1666666667, 554.2666666667, 837.0166666667, 463.4166666667, 779.6666666667, 986.3666666667, 0.0, 0.0, 0.0, 0.0, 0.0, 1.3666666667, 5.8333333333, 0.0, 696.8666666667, 546.45, 759.05, 773.45, 303.1166666667, 773.0166666667], "16": [513.3, 506.3333333333, 485.95, 505.85, 682.1666666667, 279.6333333333, 239.7, 607.3333333333, 620.65, 0.0, 0.0, 0.0, 0.3, 0.0, 0.05, 14.25, 0.0, 797.0, 521.4166666667, 730.2833333333, 987.05, 1158.4, 659.75], "17": [934.2666666667, 279.8833333333, 432.2666666667, 163.2333333333, 908.7666666667, 477.75, 504.9166666667, 585.3333333333, 334.1166666667, 0.0, 0.2166666667, 2.55, 0.0, 0.0, 0.2166666667, 0.0, 0.0, 813.1833333333, 765.7166666667, 407.9666666667, 541.9833333333, 280.2333333333, 183.7166666667], "18": [721.2333333333, 706.1666666667, 260.4, 574.2333333333, 291.8333333333, 869.5833333333, 530.2333333333, 749.8, 0.0, 0.0, 0.0, 0.0, 0.0833333333, 0.0, 0.0, 0.0, 0.0, 774.5666666667, 344.8333333333, 656.3833333333, 1125.85, 608.4666666667, 197.6], "19": [539.9, 642.6333333333, 538.0666666667, 377.1333333333, 812.4166666667, 467.8166666667, 521.0333333333, 311.65, 0.0, 0.1666666667, 0.0, 0.0, 0.0, 0.0, 21.9666666667, 113.1666666667, 0.0, 601.25, 277.1, 243.0833333333, 867.9, 450.8, 864.0333333333], "20": [784.1666666667, 553.7166666667, 384.2833333333, 523.0166666667, 335.2166666667, 400.0666666667, 487.95, 479.75, 2.9666666667, 0.0, 0.6333333333, 0.0, 0.05, 0.0, 0.0, 0.0, 0.0, 452.25, 675.3833333333, 541.5666666667, 413.35, 510.7333333333, 556.9166666667], "21": [456.0666666667, 641.0, 397.5833333333, 306.2333333333, 418.0833333333, 188.7833333333, 533.6166666667, 745.8666666667, 0.0, 0.0, 0.2, 0.0, 0.0, 0.0, 0.0, 0.0, 0.0, 869.95, 460.1333333333, 785.3166666667, 340.9833333333, 512.25, 518.0333333333], "22": [212.8666666667, 441.8, 523.4166666667, 314.15, 385.5, 335.6166666667, 177.1833333333, 415.5, 0.0, 0.0, 0.0, 0.0, 0.0, 0.0, 0.2, 1.65, 0.0, 350.0, 381.9833333333, 720.6833333333, 260.2333333333, 257.8666666667, 338.7], "23": [610.0166666667, 249.1333333333, 46.4833333333, 366.7666666667, 273.2333333333, 374.15, 332.3833333333, 386.6166666667, 0.0, 0.0, 0.0, 0.0, 0.0, 0.0, 0.05, 3.0, 0.0, 159.7833333333, 583.7333333333, 590.2833333333, 696.4166666667, 15.4666666667, 169.0166666667]}}