{"file": "control_29", "boxplot_data": {"00": [265.5333333333, 151.5166666667, 218.0666666667, 3.9166666667, 39.6666666667, 88.25, 2.05, 122.5833333333, 191.75, 79.1166666667, 16.15, 247.2, 4.05, 495.7166666667, 4.9166666667, 7.9, 8.3333333333], "01": [8.0833333333, 116.7166666667, 3.8166666667, 38.2833333333, 0.0, 0.0, 1.7833333333, 274.5833333333, 11.25, 52.0166666667, 38.4333333333, 3.3, 63.6166666667, 0.7333333333, 5.6333333333, 6.3, 8.45], "02": [3.85, 123.5333333333, 22.8666666667, 4.6166666667, 6.4, 9.7666666667, 6.3, 23.1, 24.4333333333, 0.0, 0.0, 5.8, 3.65, 42.3833333333, 5.9, 6.6666666667, 8.0], "03": [8.25, 335.55, 11.4, 3.2833333333, 7.6833333333, 14.8833333333, 10.0333333333, 9.1833333333, 14.25, 9.9333333333, 22.35, 6.2333333333, 28.1833333333, 9.9166666667, 6.0, 7.9666666667, 8.0], "04": [20.0166666667, 17.1666666667, 13.8, 4.9333333333, 2.5666666667, 9.55, 11.95, 4.7666666667, 6.0166666667, 7.4, 0.7333333333, 12.3166666667, 20.35, 9.4166666667, 6.0666666667, 8.0, 8.0], "05": [16.85, 4.3166666667, 5.4666666667, 171.0, 6.6166666667, 17.8333333333, 0.4333333333, 12.2333333333, 12.6166666667, 3.1666666667, 6.75, 0.4333333333, 9.9666666667, 21.15, 7.8666666667, 8.0, 8.0], "06": [38.2833333333, 19.2, 289.6666666667, 235.6833333333, 239.1166666667, 225.3833333333, 240.1333333333, 21.0, 12.75, 62.1666666667, 121.4666666667, 158.8166666667, 84.1, 221.7, 6.1, 8.0, 8.0], "07": [10.1166666667, 12.7, 393.9, 472.35, 427.8666666667, 258.7666666667, 442.75, 27.7, 0.0, 552.7833333333, 460.5166666667, 548.2833333333, 597.6666666667, 477.15, 6.0, 8.0166666667, 25.1333333333], "08": [12.6, 15.1666666667, 721.65, 637.2833333333, 642.4666666667, 632.1833333333, 630.1166666667, 273.3166666667, 10.7, 746.3, 814.6666666667, 739.0, 398.1166666667, 81.7166666667, 6.5333333333, 8.1333333333, 240.6], "09": [271.6833333333, 10.8333333333, 331.6, 256.0833333333, 356.3166666667, 325.2166666667, 229.15, 305.0, 15.15, 423.7166666667, 237.5333333333, 516.9, 374.55, 358.7833333333, 7.5333333333, 8.3666666667, 113.6153846154], "10": [922.75, 321.4333333333, 260.0833333333, 361.0333333333, 352.1333333333, 339.9166666667, 352.25, 257.1333333333, 616.7166666667, 420.1333333333, 431.85, 234.95, 310.1333333333, 139.2, 156.7333333333, 6.3666666667, 8.0333333333], "11": [508.1166666667, 850.9166666667, 193.8166666667, 310.2833333333, 303.8666666667, 226.8166666667, 386.7833333333, 269.55, 372.7833333333, 424.65, 285.8833333333, 270.9833333333, 374.1833333333, 308.45, 94.0, 5.4, 8.0833333333], "12": [412.65, 1076.0333333333, 181.25, 335.5, 224.7166666667, 328.0, 303.6333333333, 478.7333333333, 934.2833333333, 221.7166666667, 303.35, 224.4333333333, 366.3833333333, 321.0166666667, 5.0, 6.0, 8.0], "13": [490.7, 781.8833333333, 496.1666666667, 405.8833333333, 301.4666666667, 242.15, 321.4333333333, 424.8666666667, 370.5166666667, 239.4666666667, 390.2166666667, 216.6, 452.2, 392.4333333333, 4.0, 6.0, 8.0], "14": [504.5666666667, 1080.0, 513.7, 562.35, 648.4166666667, 533.6, 465.8, 350.7333333333, 419.2, 783.4333333333, 533.4333333333, 453.6666666667, 479.8, 644.4833333333, 4.4666666667, 6.0, 8.0], "15": [555.2166666667, 734.5333333333, 411.9666666667, 421.6833333333, 690.1666666667, 383.4, 524.1, 759.65, 454.8166666667, 540.2333333333, 434.7, 405.15, 889.1833333333, 440.45, 5.0, 6.0, 8.25], "16": [121.8333333333, 245.5333333333, 106.5833333333, 873.6333333333, 155.1166666667, 43.35, 843.2333333333, 571.35, 337.4, 753.6833333333, 305.5, 130.7833333333, 1290.75, 165.3333333333, 5.0, 6.3, 8.0], "17": [396.5166666667, 470.9666666667, 494.3833333333, 404.3333333333, 205.1333333333, 572.1833333333, 728.15, 280.9833333333, 412.1, 341.8833333333, 682.1333333333, 383.6666666667, 719.65, 564.7166666667, 5.0, 5.7, 8.0], "18": [602.9833333333, 238.5833333333, 591.9666666667, 410.4666666667, 298.9666666667, 481.4833333333, 242.4833333333, 417.65, 470.3666666667, 252.6333333333, 212.45, 283.5833333333, 421.2833333333, 384.8666666667, 5.0, 6.0, 8.0166666667], "19": [380.0333333333, 311.5333333333, 251.4333333333, 96.2666666667, 183.8, 72.65, 258.7333333333, 99.0833333333, 488.6, 236.4166666667, 439.6833333333, 636.1666666667, 170.7333333333, 165.1333333333, 5.25, 6.0, 8.15], "20": [419.4, 161.6666666667, 643.95, 204.7166666667, 183.2833333333, 124.0833333333, 324.75, 305.2333333333, 801.55, 334.0833333333, 140.6333333333, 239.6333333333, 520.25, 317.5166666667, 5.9, 6.2333333333, 8.0], "21": [202.2333333333, 283.15, 156.8666666667, 148.8833333333, 255.7666666667, 124.15, 537.65, 203.6833333333, 247.6, 361.25, 366.9166666667, 185.5, 246.6833333333, 257.3666666667, 5.95, 7.9333333333, 8.0], "22": [293.25, 140.3166666667, 141.9333333333, 360.15, 420.0166666667, 338.0, 169.2333333333, 184.1666666667, 185.5166666667, 268.9666666667, 220.3333333333, 246.4833333333, 143.8, 180.6666666667, 5.0333333333, 8.0, 8.0], "23": [887.0833333333, 167.6166666667, 362.1833333333, 297.4, 169.7833333333, 232.1666666667, 307.45, 326.9, 126.9666666667, 515.5166666667, 327.3833333333, 179.2166666667, 304.1166666667, 381.9833333333, 4.8, 8.0, 8.1166666667]}}