{"file": "control_25", "boxplot_data": {"00": [2.0166666667, 5.9166666667, 15.5833333333, 1.6, 7.2833333333, 29.0666666667, 0.5, 11.4, 50.45, 0.0, 11.3666666667, 12.3166666667, 2.9, 3.0666666667, 17.5666666667], "01": [11.3166666667, 12.55, 23.7833333333, 10.7333333333, 10.6833333333, 43.4, 5.8833333333, 2.3833333333, 31.3833333333, 0.0, 7.0333333333, 1.0166666667, 19.4, 9.6166666667, 12.8166666667], "02": [7.7833333333, 8.6833333333, 5.4833333333, 10.6666666667, 7.1166666667, 47.15, 19.7333333333, 17.6333333333, 46.6333333333, 0.0, 2.75, 5.1333333333, 15.7166666667, 17.2333333333, 40.5], "03": [8.9666666667, 70.1, 29.3, 5.1166666667, 11.2666666667, 0.0, 23.5166666667, 6.65, 35.65, 0.0, 4.8333333333, 3.2166666667, 4.5666666667, 9.2, 8.9166666667], "04": [13.8666666667, 13.2333333333, 22.0666666667, 7.75, 4.2833333333, 7.2, 0.4333333333, 9.4833333333, 17.6166666667, 0.0, 6.45, 11.6833333333, 3.1833333333, 17.45, 7.2], "05": [246.1833333333, 191.2, 83.8166666667, 18.3166666667, 18.9833333333, 181.55, 4.95, 205.55, 193.3333333333, 0.0, 98.6333333333, 248.85, 9.1166666667, 42.2333333333, 153.8666666667], "06": [812.8666666667, 779.2666666667, 547.0333333333, 11.5166666667, 76.9, 791.6, 4.95, 804.6, 494.65, 0.0, 906.7666666667, 764.2, 7.5833333333, 372.5666666667, 440.65], "07": [280.2166666667, 207.5333333333, 868.5333333333, 10.9, 3.05, 281.7166666667, 2.5, 158.0333333333, 406.45, 0.0, 373.3, 190.7666666667, 414.2166666667, 718.8, 192.5833333333], "08": [817.9333333333, 441.4166666667, 790.5666666667, 530.35, 320.9333333333, 794.0666666667, 3.8666666667, 978.2, 675.6166666667, 144.0666666667, 580.35, 704.1833333333, 530.5333333333, 775.7833333333, 4.7333333333], "09": [400.2333333333, 270.6, 329.1166666667, 390.4333333333, 403.0166666667, 414.8166666667, 340.2333333333, 418.5833333333, 415.85, 10.5333333333, 27.8833333333, 474.3333333333, 258.6333333333, 448.8166666667, 552.25, 596.85], "10": [664.7666666667, 205.3166666667, 229.6666666667, 706.7166666667, 833.05, 440.1833333333, 704.1833333333, 272.7833333333, 335.8833333333, 3.4666666667, 161.15, 497.0666666667, 193.5833333333, 606.6666666667, 702.5666666667, 296.3333333333], "11": [190.7833333333, 193.9333333333, 172.35, 506.1833333333, 1073.3833333333, 118.1166666667, 255.8, 395.85, 6.75, 6.6333333333, 419.1833333333, 208.85, 165.8333333333, 1102.8833333333, 379.55, 957.15], "12": [465.0666666667, 249.4833333333, 243.75, 323.8666666667, 786.9833333333, 399.1, 329.3333333333, 308.6166666667, 1.6333333333, 0.0, 217.5833333333, 320.0333333333, 319.8166666667, 830.3666666667, 787.9833333333, 691.55], "13": [530.0166666667, 165.9, 331.15, 415.6833333333, 566.6333333333, 475.0, 455.85, 205.5166666667, 19.0, 350.6833333333, 528.15, 623.4166666667, 740.8833333333, 870.5833333333, 458.2666666667], "14": [698.3166666667, 665.55, 294.2, 621.7, 592.4166666667, 179.2666666667, 575.6166666667, 524.3833333333, 121.1, 232.9166666667, 656.9666666667, 611.35, 568.4833333333, 876.85, 774.5166666667], "15": [473.3333333333, 533.2, 573.6833333333, 181.9833333333, 541.3, 481.15, 480.15, 166.7666666667, 4.0833333333, 456.4666666667, 134.35, 206.8333333333, 735.6, 389.9, 585.1833333333], "16": [155.7, 614.4166666667, 71.7166666667, 387.4833333333, 87.45, 465.6833333333, 505.1833333333, 120.1666666667, 12.85, 7.9833333333, 856.4333333333, 543.4333333333, 490.6833333333, 471.5666666667, 337.95], "17": [324.5333333333, 783.15, 571.6333333333, 186.2333333333, 41.2166666667, 427.5666666667, 341.3833333333, 563.2333333333, 0.0, 601.5666666667, 959.8166666667, 644.85, 791.7, 547.9666666667, 642.6833333333], "18": [112.55, 627.1, 504.25, 231.7333333333, 195.95, 582.4666666667, 398.6833333333, 363.7666666667, 0.0, 528.05, 549.8666666667, 332.0166666667, 520.1833333333, 461.3666666667, 658.2333333333], "19": [395.1166666667, 516.6, 391.5, 355.8, 152.4166666667, 381.8333333333, 341.7666666667, 209.35, 0.0, 455.4333333333, 924.1833333333, 549.3166666667, 472.5166666667, 565.25, 206.2], "20": [260.4166666667, 277.6833333333, 100.1, 406.7166666667, 252.8333333333, 226.6333333333, 692.8666666667, 397.1166666667, 9.2, 252.7833333333, 456.55, 561.6833333333, 307.6333333333, 284.3, 547.6666666667], "21": [623.2333333333, 114.6166666667, 242.2, 247.9166666667, 303.7, 243.5166666667, 481.5333333333, 258.0, 0.0, 344.65, 299.0166666667, 528.05, 269.8666666667, 179.9166666667, 465.8166666667], "22": [81.5166666667, 361.7166666667, 219.7166666667, 421.2666666667, 468.3333333333, 145.95, 232.35, 401.7, 0.0, 588.0166666667, 358.25, 219.4333333333, 446.3166666667, 309.5, 5.5333333333], "23": [1.7833333333, 27.2333333333, 429.6, 54.45, 30.0666666667, 385.95, 95.9333333333, 62.7166666667, 0.0, 0.8166666667, 11.3666666667, 89.2, 0.5666666667, 349.05, 9.2]}}