{"file": "control_23", "boxplot_data": {"00": [49.6, 6.7333333333, 2.6833333333, 5.6333333333, 4.4666666667, 5.1833333333, 260.15, 201.7833333333, 209.1166666667, 14.3333333333, 15.2166666667, 4.55, 13.3166666667, 3.5833333333, 252.9833333333], "01": [14.7666666667, 4.55, 2.55, 6.75, 10.6, 6.25, 329.9666666667, 269.05, 15.2666666667, 23.7833333333, 19.7, 17.25, 16.25, 3.2, 22.75], "02": [30.4333333333, 10.8333333333, 2.0, 44.6666666667, 7.5166666667, 6.5833333333, 5.0333333333, 15.3, 6.9833333333, 8.7, 5.9166666667, 17.4166666667, 34.25, 24.4666666667, 3.5833333333], "03": [24.5666666667, 16.6333333333, 2.0, 9.8166666667, 7.0333333333, 14.8666666667, 6.6333333333, 5.6166666667, 18.7166666667, 13.2666666667, 17.2666666667, 7.6833333333, 12.7, 6.3666666667, 20.1333333333], "04": [10.3333333333, 24.0833333333, 2.0, 14.15, 8.9166666667, 5.1333333333, 12.4166666667, 13.1333333333, 5.8166666667, 13.3, 5.65, 11.65, 10.1333333333, 19.25, 15.1333333333], "05": [9.9166666667, 16.8166666667, 2.0, 13.6, 4.2166666667, 9.0666666667, 13.55, 17.35, 9.3833333333, 18.8333333333, 11.6833333333, 14.5166666667, 8.75, 14.1333333333, 5.8833333333], "06": [416.0666666667, 439.15, 2.0, 320.3833333333, 267.6, 15.2166666667, 12.85, 15.9333333333, 25.45, 326.6166666667, 531.2, 487.2833333333, 313.8666666667, 16.3166666667, 21.0333333333], "07": [313.1166666667, 281.85, 2.0, 218.65, 237.95, 92.1333333333, 9.0333333333, 14.6666666667, 150.9666666667, 399.85, 463.6333333333, 404.2333333333, 302.1666666667, 16.3666666667, 7.15], "08": [312.9833333333, 405.7666666667, 21.4166666667, 176.1166666667, 202.7333333333, 0.0333333333, 54.0, 8.6666666667, 0.9833333333, 352.6166666667, 284.0166666667, 236.5166666667, 239.75, 3.9666666667, 6.9333333333], "09": [475.5166666667, 263.95, 94.95, 0.0, 218.15, 391.0833333333, 9.85, 431.3333333333, 11.8166666667, 139.65, 324.8666666667, 377.4, 645.2166666667, 352.95, 7.85, 42.7], "10": [526.5166666667, 391.5333333333, 5.8235294118, 2.8, 147.6833333333, 305.3833333333, 295.6, 339.9, 3.85, 497.4, 376.1833333333, 395.0, 191.3166666667, 372.8, 27.1166666667, 287.0333333333], "11": [248.9666666667, 255.95, 0.0, 279.2166666667, 124.95, 403.0166666667, 687.1333333333, 490.1, 208.0833333333, 299.85, 284.45, 261.4833333333, 249.6833333333, 278.8, 339.5], "12": [281.0666666667, 368.0333333333, 26.3666666667, 268.45, 231.8833333333, 263.4, 319.6166666667, 337.4, 439.8666666667, 157.2666666667, 523.0666666667, 431.3333333333, 17.3666666667, 138.2666666667, 158.9666666667], "13": [263.55, 124.45, 40.7166666667, 209.2, 320.45, 212.25, 255.85, 800.8666666667, 255.7833333333, 399.0333333333, 393.7833333333, 411.35, 41.95, 125.6, 108.4333333333], "14": [325.4, 81.7166666667, 276.05, 214.8666666667, 359.1333333333, 168.7, 561.7833333333, 521.0333333333, 253.2833333333, 391.1666666667, 209.2666666667, 384.4, 49.3833333333, 165.4666666667, 116.7333333333], "15": [280.6166666667, 185.8, 350.5166666667, 240.1166666667, 375.9166666667, 485.9333333333, 287.35, 216.7333333333, 150.9166666667, 484.9333333333, 603.35, 409.55, 123.95, 149.95, 273.75], "16": [243.8, 2.0, 191.0666666667, 370.2166666667, 265.6333333333, 236.0666666667, 240.0333333333, 81.8166666667, 255.7833333333, 102.1333333333, 331.9, 376.7166666667, 127.0666666667, 536.5, 294.4166666667], "17": [232.6333333333, 2.0, 227.7666666667, 245.2333333333, 190.3833333333, 884.4166666667, 387.6166666667, 112.4, 395.8833333333, 280.05, 444.8166666667, 29.8166666667, 122.75, 226.0, 380.2166666667], "18": [332.9666666667, 2.0, 301.5333333333, 565.8166666667, 157.05, 602.3166666667, 250.8833333333, 429.6666666667, 402.9166666667, 343.2, 450.9333333333, 107.85, 87.35, 299.3166666667, 540.3333333333], "19": [381.3666666667, 2.15, 191.0, 140.7666666667, 187.0, 269.2833333333, 253.0666666667, 255.7833333333, 479.6833333333, 177.9666666667, 111.9666666667, 508.0666666667, 79.65, 189.7, 236.0666666667], "20": [257.0, 4.0833333333, 76.0333333333, 150.9, 315.7833333333, 387.8833333333, 402.3833333333, 190.2833333333, 266.8833333333, 162.85, 416.55, 173.7166666667, 149.7833333333, 148.7333333333, 312.15], "21": [227.2833333333, 2.15, 240.35, 106.95, 98.7833333333, 262.35, 325.7, 178.6, 196.1833333333, 387.1666666667, 223.0166666667, 179.3166666667, 120.3166666667, 160.6666666667, 297.5666666667], "22": [259.3833333333, 2.0, 324.6, 256.7333333333, 190.3833333333, 225.6333333333, 184.9833333333, 154.6333333333, 271.7, 237.8666666667, 633.65, 284.1166666667, 31.1666666667, 187.65, 321.8], "23": [46.85, 2.0, 16.6, 4.6, 212.5666666667, 270.6166666667, 241.3666666667, 338.7, 156.1, 215.2833333333, 139.0666666667, 375.3166666667, 193.15, 72.0, 210.35]}}