{"file": "control_32", "boxplot_data": {"00": [203.1166666667, 190.0, 0.0, 0.0, 0.0, 0.0, 0.0, 0.0, 0.0, 0.0, 0.0, 0.0, 0.0, 0.0, 0.0, 0.0, 0.0, 0.0, 23.7, 124.5666666667, 101.35, 24.5666666667, 113.225, 34.2333333333, 224.25, 185.95, 203.0, 109.65, 89.5166666667, 373.4, 26.1833333333], "01": [18.2666666667, 0.0, 0.0, 0.0, 0.0, 0.0, 0.0, 0.0, 0.0, 0.0, 0.0, 0.0, 0.0, 0.0, 0.0, 0.0, 0.0, 0.0, 1.9, 10.725, 16.8083333333, 100.1166666667, 78.1416666667, 47.8833333333, 35.6666666667, 22.0666666667, 6.7833333333, 66.7, 187.6, 555.7333333333, 8.9], "02": [5.5666666667, 0.0, 0.0, 0.0, 0.0, 0.0, 0.0, 0.0, 0.0, 0.0, 0.0, 0.0, 0.0, 0.0, 0.0, 0.0, 0.0, 0.0, 2.425, 4.7416666667, 19.8333333333, 112.2833333333, 65.7, 0.4333333333, 55.6666666667, 9.6, 11.1666666667, 113.9, 2.9333333333, 9.2833333333], "03": [7.35, 0.0, 0.0, 0.0, 0.0, 0.0, 0.0, 0.0, 0.0, 0.0, 0.0, 0.0, 0.0, 0.0, 0.0, 0.0, 0.0, 0.0, 4.5416666667, 3.5666666667, 3.6416666667, 9.6416666667, 203.8583333333, 9.9666666667, 1.3, 12.6166666667, 8.2, 278.8833333333, 5.2666666667, 655.7833333333, 4.05], "04": [12.2833333333, 0.0, 0.0, 0.0, 0.0, 0.0, 0.0, 0.0, 0.0, 0.0, 0.0, 0.0, 0.0, 0.0, 0.0, 0.0, 0.0, 0.0, 3.4583333333, 4.4, 8.7916666667, 9.375, 297.5, 7.8333333333, 3.7833333333, 1.9, 12.0833333333, 319.8, 2.9333333333, 390.9, 11.6166666667], "05": [4.4, 0.0, 0.0, 0.0, 0.0, 0.0, 0.0, 0.0, 0.0, 0.0, 0.0, 0.0, 0.0, 0.0, 0.0, 0.0, 0.0, 0.0, 8.1833333333, 8.675, 0.975, 5.825, 54.1916666667, 2.7833333333, 0.0, 2.8833333333, 11.75, 301.1333333333, 16.6833333333, 0.2166666667, 5.0833333333], "06": [8.35, 0.0, 0.0, 0.0, 0.0, 0.0, 0.0, 0.0, 0.0, 0.0, 0.0, 0.0, 0.0, 0.0, 0.0, 0.0, 0.0, 0.0, 2.8083333333, 1.7916666667, 4.2333333333, 2.4833333333, 3.3333333333, 13.1, 188.8833333333, 8.3333333333, 15.3166666667, 186.7833333333, 2.6333333333, 7.65, 9.2666666667], "07": [5.5, 0.0, 0.0, 620.7666666667, 0.0, 0.0, 0.0, 0.0, 0.0, 0.0, 0.0, 0.0, 0.0, 0.0, 0.0, 0.0, 0.0, 0.0, 5.4666666667, 3.3583333333, 4.6583333333, 2.1083333333, 2.55, 9.5166666667, 886.2833333333, 14.9166666667, 352.9833333333, 534.6666666667, 5.1, 7.6666666667, 9.0], "08": [13.2333333333, 0.0, 0.0, 10.2333333333, 0.0, 0.0, 0.0, 0.0, 0.0, 0.0, 0.0, 0.0, 0.0, 0.0, 0.0, 0.0, 0.0, 0.0, 0.4833333333, 3.6666666667, 9.5416666667, 10.0083333333, 3.45, 12.5, 422.6333333333, 6.5833333333, 197.65, 139.6666666667, 21.1166666667, 25.2333333333, 780.6166666667], "09": [8.65, 0.0, 0.0, 62.1666666667, 0.0, 0.0, 0.0, 0.0, 0.0, 0.0, 0.0, 0.0, 0.0, 0.0, 0.0, 0.0, 0.0, 0.0, 6.3916666667, 6.1416666667, 4.25, 2.8916666667, 4.4666666667, 10.8333333333, 387.75, 22.4666666667, 135.1666666667, 147.7166666667, 15.1666666667, 8.3166666667, 169.45], "10": [400.1333333333, 0.0, 0.0, 124.8333333333, 0.0, 0.0, 0.0, 0.0, 0.0, 79.4166666667, 0.0, 0.0, 0.0, 0.0, 0.0, 0.0, 0.0, 0.0, 8.9416666667, 207.0083333333, 8.125, 3.6166666667, 4.175, 7.8166666667, 149.65, 9.6333333333, 285.0666666667, 219.5, 17.6666666667, 4.4166666667, 384.35], "11": [245.3833333333, 0.0, 0.0, 65.9, 0.0, 0.0, 0.0, 0.0, 0.0, 0.0, 0.0, 0.0, 0.0, 0.0, 0.0, 0.0, 0.0, 0.0, 28.3, 71.05, 34.1416666667, 3.1583333333, 14.5083333333, 8.9, 144.8, 394.5166666667, 142.7166666667, 529.4666666667, 53.45, 14.35, 217.5833333333], "12": [249.5833333333, 0.2833333333, 0.0, 36.9666666667, 0.0, 0.0, 0.0, 0.8166666667, 0.0, 0.0, 0.0, 0.0, 0.0, 0.0, 0.0, 0.0, 0.0, 0.0, 234.6333333333, 167.6083333333, 199.1666666667, 37.5666666667, 138.9367088608, 9.35, 47.0, 299.4666666667, 105.0666666667, 340.9, 190.2666666667, 88.4166666667, 249.9666666667], "13": [376.3666666667, 0.0, 0.0833333333, 0.0, 0.0, 0.0, 0.0, 0.0, 0.0, 0.0, 0.0, 0.0, 0.0, 0.0, 0.0, 0.0, 0.0, 0.0, 95.7, 89.7, 213.9416666667, 25.3833333333, 60.0, 46.9833333333, 29.8333333333, 203.65, 382.6333333333, 0.0, 81.8333333333, 54.5166666667, 213.8666666667], "14": [230.9666666667, 0.0, 0.0, 0.0, 0.0, 0.0, 0.0, 0.0, 0.0, 0.0, 0.0, 0.0, 0.0, 0.0, 0.0, 0.0, 0.0, 0.0, 76.9833333333, 87.7083333333, 123.9833333333, 50.075, 47.0333333333, 29.8833333333, 25.1166666667, 444.8333333333, 436.25, 2.55, 529.95, 298.5166666667, 145.6833333333], "15": [415.0666666667, 0.0, 0.0, 0.0, 0.0, 0.0, 0.5833333333, 0.0, 0.0, 0.0, 0.0, 0.0, 0.0, 0.0, 0.0, 0.0, 0.0, 4.925, 211.525, 77.3916666667, 96.65, 200.5416666667, 325.9166666667, 335.25, 607.8666666667, 405.4, 532.8333333333, 2.2666666667, 163.1333333333, 121.9833333333, 455.4666666667], "16": [459.5166666667, 0.0, 0.0, 0.0, 0.0, 0.0, 0.0, 0.0, 0.0, 0.0, 0.0, 0.0, 0.0, 0.0, 0.0, 0.0, 0.0, 46.8666666667, 56.4916666667, 122.2333333333, 104.0666666667, 222.75, 174.7833333333, 57.7666666667, 302.4, 352.7333333333, 101.9, 9.4333333333, 261.7666666667, 12.3833333333, 504.7], "17": [146.7166666667, 0.0, 0.0, 0.0, 0.0, 0.0, 0.0, 0.0, 0.0, 0.0, 0.0, 0.0, 0.0, 0.0, 0.0, 0.0, 0.0, 61.2416666667, 260.8416666667, 236.6833333333, 260.725, 82.9166666667, 167.6, 585.65, 84.25, 379.8833333333, 92.4666666667, 101.7833333333, 278.8166666667, 30.2333333333, 639.4833333333], "18": [120.3333333333, 0.0, 0.0, 0.0, 0.0, 0.0, 0.0, 0.0333333333, 0.0, 0.0, 0.0, 0.0, 0.0, 0.0, 0.0, 0.0, 0.0, 290.3416666667, 179.6833333333, 143.9083333333, 84.8916666667, 201.4916666667, 21.55, 162.0333333333, 172.9, 265.9, 61.45, 394.9833333333, 433.8833333333, 187.0833333333, 158.25], "19": [91.75, 0.0, 0.0, 0.0, 0.0, 0.0, 0.0, 0.0, 0.0, 0.0, 0.0, 0.0, 0.0, 0.0, 0.0, 0.0, 0.0, 88.9083333333, 44.6583333333, 92.1583333333, 115.7916666667, 27.5583333333, 13.95, 236.6, 49.0333333333, 583.7166666667, 862.1833333333, 103.0166666667, 323.1, 501.2333333333, 150.0333333333], "20": [123.9, 0.0, 0.0, 0.0, 0.0, 0.0, 0.0, 0.0, 0.0, 0.0, 0.0, 0.0, 0.0, 0.0, 0.0, 0.0, 0.0, 35.075, 34.2166666667, 44.6333333333, 34.8833333333, 102.6333333333, 287.2833333333, 276.2, 163.7166666667, 192.15, 289.0, 141.1833333333, 317.6333333333, 225.65, 131.6833333333], "21": [244.8666666667, 0.0, 0.0, 0.0, 0.0, 0.0, 0.0, 0.0, 0.0, 0.0, 0.0, 0.0, 0.0, 0.0, 0.0, 0.2333333333, 0.0, 44.7916666667, 46.05, 99.85, 39.9583333333, 148.025, 172.8666666667, 782.3333333333, 384.5, 222.8333333333, 857.2666666667, 426.5166666667, 454.45, 93.15, 97.6833333333], "22": [93.4333333333, 0.0, 0.0, 0.95, 0.0, 0.0, 0.0, 0.0, 0.0, 0.0, 0.0, 0.0, 0.0, 0.0, 0.0, 0.0, 0.0, 43.6416666667, 9.3083333333, 118.0, 23.75, 220.4833333333, 57.5666666667, 450.1333333333, 89.15, 43.0833333333, 393.4833333333, 86.55, 337.1, 145.0166666667, 164.35], "23": [18.7166666667, 0.0, 10.9666666667, 0.0, 0.0, 0.0, 0.0, 0.0, 0.0, 0.0, 0.0, 0.0, 0.0, 0.0, 0.0, 0.0, 0.0, 96.8916666667, 22.725, 24.525, 33.675, 293.85, 328.3166666667, 125.55, 220.3166666667, 86.0833333333, 330.3833333333, 137.2333333333, 372.5333333333, 447.4166666667, 320.65]}}