{"file": "control_21", "boxplot_data": {"00": [348.65, 168.2333333333, 273.1666666667, 149.8333333333, 138.0666666667, 542.3333333333, 205.2333333333, 673.0333333333, 316.2666666667, 277.05, 1.1666666667, 0.0, 0.0, 0.0, 0.0, 0.0, 0.0, 0.0, 144.8166666667, 444.4, 240.9833333333, 334.5833333333], "01": [277.2333333333, 146.25, 449.75, 90.9, 202.35, 608.2, 79.1666666667, 836.6, 16.15, 377.4, 0.0, 0.0, 0.0, 0.0, 0.0, 0.0, 0.0, 0.0, 198.75, 265.3, 302.8333333333, 134.3666666667], "02": [29.5166666667, 26.5, 421.5833333333, 164.5, 229.2333333333, 76.5, 154.7333333333, 642.8, 4.4166666667, 224.35, 0.0, 0.0, 0.0, 0.0, 0.0, 0.0, 0.0, 0.0, 0.3833333333, 571.4666666667, 217.85, 190.6333333333], "03": [0.1, 0.2833333333, 201.8, 397.8166666667, 313.8166666667, 119.1, 59.6, 21.95, 8.5, 370.25, 0.0, 0.0, 0.0, 0.0, 0.0, 0.0, 0.0, 0.0, 2.4666666667, 542.8333333333, 310.7333333333, 100.0333333333], "04": [4.5333333333, 5.5666666667, 454.9166666667, 244.05, 363.95, 3.7666666667, 5.25, 1.2166666667, 9.9333333333, 662.7, 0.0, 0.0, 0.0, 0.0, 0.0, 0.0, 0.0, 0.0, 11.3166666667, 270.4, 535.8666666667, 1.7166666667], "05": [0.7833333333, 24.6333333333, 567.4166666667, 631.1833333333, 729.4166666667, 6.9666666667, 6.8833333333, 2.5833333333, 13.3333333333, 559.5666666667, 0.0, 0.0, 0.0, 0.0, 0.0, 0.0, 0.0, 0.0, 25.5333333333, 461.45, 722.2, 3.9833333333], "06": [14.6833333333, 2.85, 760.1333333333, 617.8166666667, 517.5666666667, 2.8166666667, 0.2833333333, 7.1666666667, 2.0166666667, 633.8, 0.7833333333, 0.0, 0.0, 0.0, 0.0, 0.0, 0.0, 0.0, 1.5, 705.0666666667, 621.9, 12.25], "07": [11.2, 3.1666666667, 396.9833333333, 422.3833333333, 405.1833333333, 2.4333333333, 9.9666666667, 1.0166666667, 0.2, 491.9833333333, 41.7666666667, 0.0, 0.0, 0.0, 0.0, 0.0, 0.0, 4.7166666667, 43.0333333333, 653.1333333333, 539.8833333333, 4.85], "08": [10.3, 3.0, 209.15, 168.4833333333, 144.95, 3.2666666667, 4.8, 5.85, 5.2166666667, 245.0166666667, 15.0333333333, 0.0, 0.0, 0.0, 0.0, 0.0, 0.0, 297.5333333333, 11.05, 298.4666666667, 195.0333333333, 8.65], "09": [79.8666666667, 32.1666666667, 105.5166666667, 7.15, 107.9166666667, 7.55, 103.4333333333, 253.6833333333, 51.3, 211.75, 0.0, 0.0, 0.0, 0.0, 0.0, 0.0, 27.7666666667, 0.2833333333, 4.0666666667, 15.5, 108.5, 311.0, 7.0], "10": [103.2833333333, 147.3833333333, 3.9, 9.0166666667, 43.4666666667, 1.9833333333, 493.9, 591.4666666667, 470.1833333333, 10.1833333333, 0.0, 0.0, 0.0, 0.0, 0.0, 0.0, 10.0666666667, 3.1833333333, 10.7, 5.0833333333, 0.6833333333, 311.0, 2.1833333333], "11": [433.3333333333, 593.9333333333, 17.0833333333, 3.65, 97.8833333333, 26.6, 548.8166666667, 645.5, 359.9333333333, 7.8833333333, 0.0, 1.5666666667, 0.0, 0.0, 0.0, 0.0, 0.0, 0.4166666667, 0.0, 197.4, 29.5, 311.0, 386.4166666667], "12": [690.45, 497.9166666667, 9.0666666667, 40.9833333333, 7.3666666667, 222.1833333333, 362.9333333333, 577.8833333333, 641.2, 14.45, 0.0, 0.0, 0.0, 0.0, 0.0, 0.0, 0.0, 12.55, 42.7833333333, 629.1666666667, 8.3666666667, 311.0, 643.1166666667], "13": [154.6833333333, 232.9833333333, 66.9666666667, 3.5666666667, 2.15, 438.9666666667, 733.6666666667, 298.0, 650.5166666667, 3.9666666667, 0.05, 0.0, 0.0, 0.0, 0.0, 0.0, 0.0, 27.25, 32.5, 687.7666666667, 142.0166666667, 66.9333333333, 687.6], "14": [176.0, 231.0, 82.1333333333, 17.6833333333, 7.1666666667, 558.5833333333, 716.4, 298.0, 260.0, 12.4, 0.1333333333, 0.0, 0.0, 0.0, 0.0, 0.0, 0.0, 40.35, 431.25, 202.0166666667, 159.0333333333, 347.4333333333], "15": [172.3666666667, 597.6666666667, 247.5, 182.55, 16.3333333333, 249.0, 541.4666666667, 298.0, 339.8833333333, 70.3166666667, 0.5, 0.0, 0.0, 0.0, 0.0, 0.0, 12.5333333333, 63.1833333333, 483.0166666667, 367.0666666667, 83.2833333333, 717.9833333333], "16": [304.8666666667, 311.6333333333, 240.9166666667, 782.3666666667, 144.7333333333, 249.0, 512.2166666667, 225.3166666667, 601.35, 0.0, 0.0, 0.0, 0.0, 0.0, 0.0, 0.0, 121.25, 426.35, 380.2833333333, 469.1333333333, 307.8833333333, 478.2666666667], "17": [358.0333333333, 369.1, 122.0833333333, 271.4333333333, 186.6166666667, 249.0, 317.6833333333, 420.6, 451.8166666667, 0.0, 0.0, 0.0, 0.0, 0.0, 0.0, 0.0, 0.1333333333, 486.9333333333, 922.5, 421.5833333333, 402.05, 545.1666666667], "18": [177.0833333333, 209.95, 174.7833333333, 465.35, 66.3166666667, 386.5333333333, 858.7666666667, 246.4166666667, 283.2333333333, 0.0, 0.0, 0.0, 0.0, 0.0, 0.0, 0.0, 0.0, 350.3166666667, 404.7166666667, 464.5166666667, 288.0833333333, 322.2166666667], "19": [129.6666666667, 164.3333333333, 96.2833333333, 184.7833333333, 129.15, 160.2666666667, 409.6166666667, 303.0833333333, 170.6, 0.0, 0.0, 0.0, 0.0, 0.0, 0.0, 0.0, 0.0, 537.5166666667, 167.3166666667, 205.5166666667, 367.0, 261.15], "20": [209.7833333333, 479.15, 384.7, 396.8666666667, 254.2333333333, 435.4166666667, 716.6666666667, 149.65, 379.3833333333, 23.7333333333, 0.0, 0.0, 12.8, 0.0, 0.0, 0.0, 0.0, 844.4, 573.0, 348.75, 167.0333333333, 214.3833333333], "21": [191.8333333333, 656.9666666667, 285.9833333333, 395.9166666667, 150.0, 436.0, 224.95, 302.9333333333, 440.5, 27.0833333333, 0.0, 0.0, 19.95, 0.0, 0.0, 0.0, 0.0, 531.1666666667, 642.35, 265.0, 402.4166666667, 142.1333333333], "22": [255.8, 320.5, 271.0166666667, 280.2333333333, 194.0, 586.7166666667, 427.45, 138.8, 230.1333333333, 0.2, 0.0, 0.0, 0.0, 0.0, 0.0, 0.0, 2.35, 388.05, 225.6, 468.8166666667, 103.0666666667, 113.9], "23": [85.8333333333, 313.65, 203.6666666667, 190.75, 201.1, 600.1166666667, 1143.3, 214.4666666667, 529.9, 0.0, 0.0, 0.0, 22.0, 0.0, 0.0, 0.0, 16.8333333333, 249.4, 479.3, 256.8166666667, 182.8333333333, 484.3166666667]}}