{"file": "control_17", "boxplot_data": {"00": [59.9833333333, 4.6, 11.05, 9.0833333333, 231.0, 32.9833333333, 12.1666666667, 9.55, 123.3166666667, 19.85, 58.0833333333, 30.1833333333, 13.45, 8.4, 0.0, 0.0, 0.0, 0.0, 0.0, 14.4166666667], "01": [9.3166666667, 4.3166666667, 8.75, 8.2166666667, 231.0, 10.9666666667, 9.6, 15.7833333333, 6.9833333333, 10.55, 232.9666666667, 7.8333333333, 2.7666666667, 7.8166666667, 0.0, 0.0, 0.0, 0.0, 0.0, 0.0], "02": [4.3, 15.8666666667, 16.2666666667, 7.0666666667, 138.8333333333, 31.85, 10.6833333333, 19.2833333333, 8.6, 13.3833333333, 271.7333333333, 43.35, 15.7166666667, 10.8166666667, 0.0, 0.0, 0.0, 0.0, 0.0, 0.0], "03": [9.8833333333, 33.0666666667, 8.9833333333, 19.2166666667, 62.9333333333, 4.4666666667, 12.1666666667, 5.1, 14.8833333333, 14.5666666667, 14.2833333333, 41.7666666667, 58.15, 24.0166666667, 0.0, 0.0, 0.0, 0.0, 0.0, 0.0], "04": [6.4833333333, 85.3, 21.1, 15.4166666667, 14.65, 17.2, 11.9166666667, 21.2166666667, 185.4333333333, 5.9666666667, 4.7333333333, 18.1166666667, 116.0, 39.2, 0.0, 0.0, 0.0, 0.0, 0.0, 0.0], "05": [235.2166666667, 21.6666666667, 40.5166666667, 26.4166666667, 21.5833333333, 67.2666666667, 308.5, 14.4, 44.2166666667, 20.6166666667, 17.9, 7.1166666667, 72.9833333333, 195.1833333333, 0.0, 0.0, 0.0, 0.0, 0.0, 0.0], "06": [509.35, 138.65, 275.3333333333, 89.1666666667, 13.0666666667, 461.9166666667, 18.7833333333, 130.0833333333, 180.5333333333, 170.65, 27.4833333333, 24.9333333333, 315.3333333333, 23.7666666667, 0.0, 0.0, 0.0, 0.0, 0.0, 0.0], "07": [370.55, 489.6166666667, 274.3, 13.7833333333, 76.1, 245.1833333333, 24.3666666667, 546.9333333333, 385.3666666667, 416.15, 33.0333333333, 9.0666666667, 334.2333333333, 29.6666666667, 0.0, 0.0, 0.0, 0.0, 0.0, 0.0], "08": [278.85, 366.1833333333, 315.2833333333, 526.9333333333, 16.5166666667, 325.7666666667, 422.9166666667, 242.1833333333, 152.2333333333, 276.05, 86.5833333333, 306.0333333333, 496.0833333333, 479.65, 0.0, 0.0, 0.0, 0.0, 0.0, 30.1], "09": [9.9666666667, 107.5666666667, 167.6833333333, 361.8, 851.25, 139.9166666667, 173.5166666667, 194.7, 265.7, 481.6833333333, 480.7666666667, 19.5333333333, 228.7333333333, 117.15, 228.8666666667, 0.0, 0.0, 0.0, 0.0, 0.0, 25.85], "10": [193.7, 106.5, 369.6, 178.95, 547.8333333333, 91.5833333333, 283.8166666667, 1052.85, 195.55, 491.4, 421.45, 628.1, 595.9166666667, 430.2666666667, 216.35, 7.5666666667, 0.0, 0.0, 0.0, 0.0, 7.5333333333], "11": [287.05, 145.2666666667, 319.1666666667, 377.5333333333, 720.0333333333, 229.55, 231.1666666667, 311.6166666667, 498.8, 153.0333333333, 330.4166666667, 105.6, 943.3333333333, 261.7, 118.7833333333, 0.0, 0.0, 0.0, 0.0, 0.0], "12": [83.2666666667, 235.9833333333, 270.8333333333, 366.2, 645.6166666667, 498.6, 326.85, 136.5666666667, 430.75, 314.3, 198.9666666667, 719.4833333333, 852.0833333333, 225.7333333333, 120.6, 0.0, 0.0, 0.0, 0.0, 0.0], "13": [161.8833333333, 182.5833333333, 227.7333333333, 279.6, 190.9833333333, 365.7, 384.2666666667, 244.4166666667, 260.35, 172.1666666667, 388.9333333333, 764.2333333333, 634.7666666667, 494.45, 0.0, 0.0, 0.0, 0.0, 0.0, 0.05], "14": [304.5333333333, 375.65, 290.2833333333, 302.2333333333, 254.1, 596.4, 108.2833333333, 436.9833333333, 205.7333333333, 219.9833333333, 263.5166666667, 615.6833333333, 559.25, 613.0833333333, 26.3, 0.0, 0.0, 0.0, 0.0, 0.0], "15": [543.55, 426.8, 658.8166666667, 703.8166666667, 250.7833333333, 635.7666666667, 465.0666666667, 698.35, 694.0666666667, 215.6333333333, 566.0166666667, 612.5166666667, 555.2166666667, 314.55, 3.6833333333, 0.0, 0.0, 0.0, 0.0, 0.0], "16": [250.6666666667, 522.85, 438.9166666667, 428.8833333333, 750.85, 391.2333333333, 268.75, 676.6833333333, 358.35, 300.85, 862.8166666667, 388.7666666667, 236.7166666667, 433.6333333333, 0.0, 0.1333333333, 0.0, 0.0, 0.0, 0.0], "17": [438.0666666667, 216.8166666667, 358.9166666667, 591.95, 689.8833333333, 156.95, 369.5333333333, 557.0166666667, 546.4333333333, 523.5666666667, 425.7166666667, 602.0833333333, 517.4, 291.2333333333, 0.0, 0.0, 0.0, 0.0, 0.0, 0.0], "18": [237.1833333333, 377.65, 246.1166666667, 486.4833333333, 312.0, 151.3166666667, 315.9166666667, 289.15, 427.7833333333, 328.0, 646.5333333333, 603.8333333333, 583.8, 476.3, 0.0, 0.0, 0.0, 0.0, 0.0, 0.0], "19": [565.6166666667, 305.1, 163.5333333333, 395.6833333333, 312.0, 341.0666666667, 219.8666666667, 396.9833333333, 324.1666666667, 617.9, 294.25, 631.1833333333, 231.6666666667, 442.2666666667, 0.0, 0.0, 0.0, 0.0, 0.0, 0.0], "20": [37.5833333333, 125.0, 189.6666666667, 429.7333333333, 312.0, 394.7333333333, 300.8, 77.85, 282.0833333333, 219.75, 137.4166666667, 346.1833333333, 203.9, 287.9833333333, 0.0, 0.0, 0.0, 0.0, 0.0, 0.0], "21": [432.4, 188.5833333333, 169.6333333333, 78.6, 312.0, 384.5833333333, 210.2333333333, 132.9166666667, 78.8, 182.85, 107.95, 261.2, 357.9, 64.7833333333, 0.0, 0.0, 0.0, 0.0, 0.0, 0.0], "22": [156.0333333333, 210.3333333333, 339.1666666667, 43.9833333333, 312.0, 272.05, 1.3666666667, 281.7333333333, 96.95, 237.1833333333, 75.2833333333, 227.9666666667, 113.0333333333, 278.6666666667, 0.0833333333, 0.0, 0.0, 0.0, 0.0, 0.0], "23": [14.7666666667, 4.9666666667, 14.6666666667, 384.0833333333, 306.8, 230.0166666667, 15.3166666667, 284.7166666667, 316.25, 40.4, 58.7666666667, 20.3666666667, 43.8333333333, 10.8333333333, 0.0, 0.0, 0.0, 0.0, 0.0, 0.0]}}