{"file": "control_2", "boxplot_data": {"00": [330.35, 11.9666666667, 9.45, 9.3, 16.9, 10.3833333333, 11.1166666667, 0.3333333333, 9.3333333333, 7.7333333333, 642.4, 15.2333333333, 0.4166666667, 14.65, 16.3833333333, 404.4333333333, 995.0166666667, 575.6166666667, 731.0833333333, 3.6666666667, 882.4, 0.0], "01": [2.7333333333, 14.1, 6.3833333333, 12.5, 6.95, 6.3333333333, 5.45, 9.0833333333, 6.2166666667, 10.2333333333, 567.1166666667, 7.4166666667, 13.15, 11.0666666667, 9.5666666667, 5.65, 904.9833333333, 0.7666666667, 761.8166666667, 12.4833333333, 40.7666666667, 0.0], "02": [2.7166666667, 4.8833333333, 11.3, 7.5333333333, 7.9333333333, 11.9166666667, 67.4833333333, 5.25, 10.1, 15.4166666667, 721.8166666667, 3.7333333333, 5.6666666667, 11.3666666667, 5.85, 31.9833333333, 199.4333333333, 9.8333333333, 8.25, 6.8666666667, 3.7166666667, 0.0], "03": [3.7333333333, 6.4833333333, 11.3333333333, 22.9, 4.2, 17.7666666667, 15.95, 10.9166666667, 10.2166666667, 3.2833333333, 322.3833333333, 13.3666666667, 47.7833333333, 10.1, 10.1833333333, 9.6333333333, 8.5833333333, 7.1833333333, 7.7, 8.6, 3.3, 0.0], "04": [4.15, 12.7166666667, 15.0, 8.65, 7.5833333333, 12.8666666667, 12.6833333333, 9.95, 14.9, 17.9833333333, 6.1833333333, 9.95, 3.8666666667, 7.4666666667, 60.9666666667, 4.8833333333, 3.1166666667, 10.4666666667, 8.3833333333, 10.3166666667, 5.7833333333, 0.0], "05": [5.6666666667, 6.3666666667, 12.3, 4.65, 18.35, 8.35, 17.0166666667, 16.7333333333, 12.1666666667, 11.7166666667, 3.6666666667, 2.3666666667, 14.3, 37.0666666667, 50.6833333333, 11.6, 9.8333333333, 7.05, 22.1666666667, 8.45, 109.25, 0.0], "06": [23.9, 15.7, 10.75, 24.7666666667, 56.0833333333, 17.1166666667, 107.3333333333, 58.2666666667, 9.5, 15.9, 3.7333333333, 6.4, 7.55, 5.7, 11.3166666667, 28.1166666667, 4.2333333333, 11.0, 15.4, 24.35, 0.0, 0.0], "07": [598.8, 628.9833333333, 164.4833333333, 15.1833333333, 613.75, 362.5833333333, 33.0666666667, 258.5333333333, 340.6166666667, 54.1666666667, 11.6, 296.2833333333, 410.3333333333, 451.3333333333, 531.45, 530.0333333333, 82.5666666667, 9.7333333333, 535.0333333333, 773.9833333333, 0.0, 94.7833333333], "08": [497.1333333333, 585.2, 204.7166666667, 18.7166666667, 507.4166666667, 1362.5333333333, 12.45, 701.9166666667, 603.6666666667, 162.8166666667, 15.1166666667, 783.5166666667, 858.4833333333, 882.35, 748.0666666667, 506.1333333333, 786.7333333333, 813.3666666667, 776.0833333333, 857.3333333333, 112.65, 0.3833333333], "09": [304.8666666667, 341.9166666667, 290.2166666667, 110.4333333333, 454.8166666667, 1051.4166666667, 279.1333333333, 629.7666666667, 514.8166666667, 109.3, 226.4833333333, 566.85, 393.3833333333, 323.0, 350.3, 315.0333333333, 858.8, 607.8, 918.8666666667, 230.6, 6.8666666667, 0.0], "10": [436.1833333333, 473.05, 1286.85, 614.2833333333, 519.15, 326.5666666667, 232.6666666667, 820.7666666667, 480.25, 761.0666666667, 235.6666666667, 526.15, 390.6666666667, 345.3166666667, 336.3, 291.95, 834.0666666667, 1085.6166666667, 658.05, 587.4833333333, 18.7666666667, 0.0], "11": [321.15, 481.2833333333, 1257.8666666667, 582.1166666667, 821.5, 779.3333333333, 751.9, 712.5333333333, 525.55, 754.9333333333, 210.55, 402.9166666667, 276.3166666667, 333.2, 404.6333333333, 318.9166666667, 1016.95, 778.85, 618.3166666667, 578.7166666667, 13.3333333333, 70.7575757576], "12": [243.3833333333, 588.4, 1180.5, 28.9833333333, 618.6666666667, 1057.4833333333, 172.0166666667, 399.7666666667, 615.2833333333, 659.4666666667, 737.1666666667, 657.3666666667, 286.35, 409.4, 435.9, 590.05, 768.15, 463.2833333333, 637.85, 306.35, 37.05], "13": [342.7833333333, 1203.8166666667, 1211.5, 4.3666666667, 545.6, 1380.6333333333, 289.15, 383.1, 754.3166666667, 399.1, 476.8166666667, 444.6666666667, 324.0166666667, 416.2666666667, 325.3166666667, 517.3666666667, 906.3333333333, 827.2833333333, 959.95, 841.8166666667, 0.2], "14": [313.1666666667, 1354.2, 741.6833333333, 697.3333333333, 599.9833333333, 747.3166666667, 300.4666666667, 745.85, 815.3666666667, 411.8833333333, 8.6166666667, 376.8166666667, 483.7166666667, 459.8, 414.35, 467.55, 1109.6, 604.9166666667, 1276.5166666667, 1119.7, 0.1666666667], "15": [606.3333333333, 707.8, 1154.6666666667, 638.9, 865.7833333333, 703.0833333333, 682.8833333333, 650.2833333333, 720.0833333333, 606.4166666667, 165.25, 572.7166666667, 609.3333333333, 375.2333333333, 556.6, 770.2833333333, 598.5166666667, 948.5166666667, 492.6, 972.2833333333, 1461.0833333333, 0.0], "16": [730.55, 705.05, 515.8166666667, 516.6833333333, 759.7666666667, 803.2, 1526.4333333333, 1076.4333333333, 832.5, 1630.4166666667, 1080.5, 387.0166666667, 713.65, 850.4, 844.45, 798.25, 912.7, 637.3166666667, 1233.1666666667, 1156.2833333333, 589.4166666667, 0.0], "17": [935.7, 210.7333333333, 443.2333333333, 473.15, 260.95, 492.1, 666.55, 1011.5333333333, 1363.25, 904.6166666667, 422.6333333333, 366.55, 698.55, 834.8, 1193.75, 553.2, 768.4333333333, 905.65, 812.1166666667, 945.5166666667, 952.3333333333, 0.0], "18": [279.4, 153.3, 720.7666666667, 719.6666666667, 168.7833333333, 588.1, 1329.0333333333, 828.1666666667, 1352.9, 362.3666666667, 360.3333333333, 89.1, 405.4666666667, 471.5833333333, 405.3666666667, 693.1333333333, 442.1833333333, 529.1, 814.7833333333, 754.85, 1122.3, 0.0], "19": [282.1666666667, 257.1333333333, 544.05, 642.9333333333, 397.5833333333, 636.3666666667, 1660.4, 1156.4333333333, 1568.4333333333, 803.6666666667, 466.0, 116.6666666667, 222.5166666667, 421.0, 499.1833333333, 650.15, 936.15, 285.1833333333, 1193.4333333333, 739.5166666667, 885.5, 39.1666666667], "20": [344.6, 323.5833333333, 525.9833333333, 589.8166666667, 298.6833333333, 764.0833333333, 668.8666666667, 674.1166666667, 727.7166666667, 386.3333333333, 473.4666666667, 141.9833333333, 300.0333333333, 367.6166666667, 630.2333333333, 348.9666666667, 1256.85, 592.3666666667, 1149.0333333333, 452.4, 681.85, 34.3666666667], "21": [206.4833333333, 266.0, 451.8333333333, 515.0, 374.7333333333, 273.4166666667, 506.3166666667, 111.1833333333, 285.6833333333, 486.8, 535.2833333333, 812.5666666667, 545.0333333333, 404.8, 372.0166666667, 202.7666666667, 1343.2166666667, 137.3833333333, 813.0833333333, 588.5666666667, 546.45, 27.45], "22": [167.1833333333, 278.35, 614.25, 243.7, 107.9, 102.6166666667, 30.2666666667, 517.1, 359.4166666667, 18.9833333333, 403.3166666667, 408.6, 723.0666666667, 0.0, 16.7166666667, 279.9333333333, 722.0166666667, 718.7333333333, 652.8166666667, 1148.3666666667, 371.1833333333, 0.0], "23": [188.6333333333, 175.9666666667, 393.95, 217.9, 449.55, 338.5666666667, 252.5333333333, 523.3833333333, 1.5833333333, 6.05, 507.4666666667, 335.4833333333, 505.8666666667, 9.1666666667, 15.2833333333, 699.5333333333, 752.5166666667, 557.8666666667, 874.9, 337.7166666667, 166.5666666667, 0.0]}}