{"file": "control_30", "boxplot_data": {"00": [168.55, 36.1666666667, 14.3, 14.75, 17.05, 20.6, 17.75, 15.4333333333, 17.8666666667, 12.2666666667, 10.05, 167.05, 58.35, 4.0, 24.6166666667], "01": [18.3666666667, 15.35, 20.7166666667, 21.0333333333, 24.0666666667, 26.3, 23.6666666667, 21.75, 22.4166666667, 24.0833333333, 19.2333333333, 292.6, 21.0666666667, 4.0, 10.7833333333], "02": [29.1666666667, 15.2666666667, 15.1, 13.8333333333, 21.35, 9.15, 16.5666666667, 16.6166666667, 12.0666666667, 22.4833333333, 2.7166666667, 14.2, 19.5, 4.0, 22.5666666667], "03": [10.7166666667, 28.7333333333, 21.9, 35.0333333333, 21.1, 25.5333333333, 23.3833333333, 16.9833333333, 6.45, 21.1333333333, 87.7166666667, 6.2, 16.5666666667, 3.8, 27.8166666667], "04": [65.8833333333, 4.9, 27.0333333333, 13.9166666667, 7.1333333333, 40.95, 21.9666666667, 18.25, 18.6666666667, 24.2166666667, 8.95, 42.9833333333, 20.9666666667, 3.2333333333, 23.3], "05": [16.6, 38.8, 32.2166666667, 25.6333333333, 16.9166666667, 16.5166666667, 28.5166666667, 54.3833333333, 20.6333333333, 23.7666666667, 23.0833333333, 18.1333333333, 26.8833333333, 3.0, 22.9666666667], "06": [24.35, 67.35, 53.8666666667, 29.1, 19.6, 22.6, 17.3, 49.0166666667, 44.2666666667, 139.75, 66.7166666667, 23.0, 18.3333333333, 3.0, 8.95], "07": [663.8, 677.55, 482.3, 159.5, 102.2, 190.4666666667, 223.1333333333, 612.2833333333, 27.0, 719.05, 42.7833333333, 135.1, 587.7333333333, 462.95, 167.1166666667], "08": [302.9666666667, 299.3, 207.7833333333, 186.8166666667, 251.7833333333, 130.9833333333, 368.1, 262.7833333333, 27.0, 279.1666666667, 186.85, 301.2833333333, 299.4833333333, 375.3166666667, 375.6166666667], "09": [199.8, 181.7, 356.4833333333, 636.5833333333, 223.85, 70.8166666667, 131.8333333333, 202.25, 27.0, 231.0, 558.1333333333, 500.65, 274.2666666667, 282.45, 401.25], "10": [359.0666666667, 316.2666666667, 233.6, 636.5833333333, 526.3833333333, 307.6833333333, 237.7833333333, 270.9, 27.0, 330.8666666667, 644.1333333333, 446.2166666667, 341.9833333333, 266.9166666667, 221.7166666667], "11": [287.5833333333, 197.8166666667, 204.2333333333, 105.6, 754.0333333333, 441.6166666667, 149.3, 285.0833333333, 27.0, 268.3666666667, 371.7166666667, 638.7666666667, 263.7166666667, 346.5833333333, 29.95], "12": [357.4, 369.0666666667, 391.6666666667, 592.2, 1001.6166666667, 15.9166666667, 211.9, 198.95, 27.0, 396.6, 721.1666666667, 566.2833333333, 392.15, 226.45, 10.9666666667, 211.2666666667], "13": [551.5, 164.8333333333, 245.9333333333, 215.45, 203.1333333333, 34.0833333333, 337.8, 186.7166666667, 27.0, 422.5833333333, 1079.4833333333, 544.9833333333, 261.6333333333, 253.5641025641, 232.9166666667, 120.75], "14": [331.4166666667, 276.4, 544.8166666667, 360.0333333333, 267.65, 141.0, 258.7666666667, 161.6833333333, 27.0, 1312.9666666667, 1008.4333333333, 411.0, 231.1833333333, 199.7666666667, 176.9666666667], "15": [218.3166666667, 506.2666666667, 425.8666666667, 213.8833333333, 207.7, 541.85, 522.0, 211.6166666667, 27.0, 657.3833333333, 111.65, 563.2333333333, 476.95, 415.85, 77.7], "16": [621.15, 716.1833333333, 808.8166666667, 161.1833333333, 97.5666666667, 652.95, 499.1333333333, 658.8833333333, 27.0, 594.5333333333, 253.1666666667, 357.6, 791.2666666667, 511.55, 223.7333333333], "17": [517.7166666667, 284.8, 467.2333333333, 198.9833333333, 226.5666666667, 669.75, 325.3666666667, 627.1166666667, 27.0, 73.7333333333, 90.0166666667, 227.75, 551.5833333333, 780.9166666667, 407.6666666667], "18": [389.5833333333, 386.45, 276.2333333333, 137.2833333333, 145.05, 89.3833333333, 458.8166666667, 95.55, 27.0, 191.5, 92.7833333333, 448.9, 149.3833333333, 424.3166666667, 64.8166666667], "19": [490.7666666667, 314.9666666667, 229.1666666667, 667.2333333333, 348.6833333333, 304.95, 387.3, 380.3333333333, 16.4666666667, 357.75, 259.0833333333, 560.5166666667, 262.2666666667, 330.8666666667, 470.9166666667], "20": [425.5, 190.2333333333, 61.2333333333, 250.7166666667, 221.1, 42.7166666667, 229.4333333333, 206.3, 6.0, 39.4333333333, 602.8, 181.35, 68.5666666667, 160.2333333333, 180.6833333333], "21": [545.7833333333, 37.2666666667, 141.9833333333, 94.35, 127.45, 149.5666666667, 112.7833333333, 86.65, 6.0, 68.5666666667, 354.5333333333, 297.7666666667, 47.2166666667, 223.6333333333, 180.5666666667], "22": [271.0166666667, 267.7166666667, 178.8166666667, 164.3833333333, 141.0333333333, 200.3666666667, 210.0333333333, 244.8, 121.75, 148.25, 231.6166666667, 190.1833333333, 66.95, 36.4333333333, 197.75], "23": [275.9833333333, 269.9, 124.6166666667, 397.9166666667, 116.95, 50.7333333333, 287.0166666667, 98.2333333333, 29.6833333333, 192.55, 344.8333333333, 14.9666666667, 60.8333333333, 246.5333333333, 186.7833333333]}}