{"file": "control_6", "boxplot_data": {"00": [561.7333333333, 0.0, 5.6333333333, 3.0, 4.3, 7.0333333333, 6.8, 3.0, 3.0, 5.0, 3.0, 3.0, 3.0, 3.0, 5.0, 5.0, 5.0, 5.0, 36.3666666667, 8.6166666667, 6.2833333333, 107.0, 257.6583333333, 51.2333333333, 424.8833333333, 148.3333333333, 301.75, 15.1166666667, 158.3, 471.2, 632.55], "01": [154.9666666667, 0.0, 6.8333333333, 3.0, 3.7, 8.7333333333, 7.0, 3.0, 3.0, 5.0, 3.0, 3.0, 3.0, 3.0, 5.0, 5.0, 5.0, 5.0, 4.7083333333, 415.2, 5.7666666667, 307.0083333333, 157.2583333333, 3.9, 46.1833333333, 20.05, 206.95, 8.2166666667, 10.6333333333, 13.2666666667, 60.4333333333], "02": [6.6333333333, 0.0, 7.0, 3.0, 5.0, 7.1666666667, 8.0, 3.0, 3.0, 5.0, 3.0, 3.0, 3.0, 3.0, 5.0, 5.0, 5.0, 5.0, 3.4416666667, 445.1833333333, 7.5, 143.8333333333, 33.775, 3.15, 7.5666666667, 10.1666666667, 141.45, 4.6333333333, 11.6666666667, 21.7833333333], "03": [8.55, 0.0, 7.0, 3.0, 5.4666666667, 7.0, 6.8333333333, 3.0, 3.0, 5.0, 3.0, 3.0, 3.0, 3.0, 5.0, 5.0, 5.0, 5.0, 4.15, 326.7083333333, 12.3333333333, 12.8916666667, 109.0666666667, 13.7166666667, 10.8166666667, 4.6166666667, 726.0, 4.5, 5.0333333333, 7.1666666667, 11.0666666667], "04": [19.2666666667, 0.0, 7.9333333333, 3.0, 6.9333333333, 8.4666666667, 7.0, 3.0, 3.0, 5.0, 3.0, 3.0, 4.4, 4.9333333333, 5.0, 5.0, 5.0, 6.8333333333, 8.3416666667, 250.4166666667, 6.6, 4.375, 2.5, 8.5, 8.2333333333, 5.85, 486.4, 9.55, 11.15, 11.3666666667, 6.2333333333], "05": [8.3666666667, 0.0, 8.0333333333, 3.0, 7.0333333333, 8.9333333333, 7.0, 3.0, 3.0, 5.0, 3.0, 3.0, 4.7666666667, 5.0, 5.0, 5.0, 5.0, 7.0, 5.6666666667, 166.0583333333, 13.0166666667, 4.4416666667, 11.025, 8.65, 7.6, 39.7, 1.0, 4.6333333333, 17.1833333333, 2.25, 6.3833333333], "06": [7.3833333333, 0.55, 8.3, 3.0, 8.6, 9.0, 7.0, 3.0, 3.0, 5.0, 3.0, 3.0, 4.9666666667, 5.0, 5.0, 5.0, 5.0, 7.0, 9.3833333333, 95.475, 10.6, 7.7083333333, 2.5, 14.95, 228.5666666667, 13.5166666667, 145.8, 158.8833333333, 85.5333333333, 8.0333333333, 554.9666666667], "07": [399.5166666667, 2.55, 9.0, 56.55, 8.9666666667, 9.0, 7.0333333333, 3.0, 3.0, 5.0, 3.0, 3.0, 5.0, 5.0, 5.0, 5.0, 5.0, 7.0, 22.6666666667, 369.875, 351.8583333333, 14.2333333333, 11.4, 783.9333333333, 546.0166666667, 25.8833333333, 300.8833333333, 85.0666666667, 14.0666666667, 7.2, 529.6666666667], "08": [8.0666666667, 3.0, 242.0833333333, 707.8166666667, 8.1333333333, 9.0, 6.4, 3.0, 3.0, 5.0, 3.0, 3.0, 5.0, 5.0, 5.0, 5.0, 5.0, 7.0, 243.25, 150.2916666667, 460.2, 6.575, 7.175, 360.5666666667, 37.9666666667, 9.9833333333, 10.3333333333, 22.6, 7.8666666667, 19.1333333333, 357.5], "09": [3.0, 3.0, 108.9166666667, 317.5, 7.6666666667, 9.8166666667, 5.0, 3.0, 3.0, 5.0, 3.0, 3.0, 5.0, 5.0, 5.0, 5.0, 6.2333333333, 7.0, 161.6, 215.225, 130.0416666667, 128.625, 25.0, 244.4833333333, 487.5, 455.85, 47.1833333333, 184.6666666667, 18.2666666667, 5.6166666667, 327.3166666667], "10": [3.9833333333, 38.0333333333, 368.4666666667, 144.8833333333, 9.0, 9.2, 6.45, 3.0, 3.0, 87.7, 3.0, 3.0, 4.9666666667, 5.0, 5.0, 5.0, 7.0, 7.0, 457.9, 221.2166666667, 172.675, 252.5416666667, 171.4416666667, 649.3, 251.0333333333, 442.9333333333, 411.6666666667, 910.5166666667, 376.35, 16.1833333333, 348.95], "11": [3.0, 643.8666666667, 216.2833333333, 107.4666666667, 9.3166666667, 9.0, 5.3, 3.0, 3.0, 3.5, 3.0, 3.0, 5.0, 5.0, 5.0, 5.0, 7.0, 7.0, 115.3333333333, 148.5333333333, 287.6166666667, 569.8416666667, 377.1100917431, 132.7666666667, 244.5333333333, 811.7, 931.7666666667, 252.4, 942.0833333333, 89.8833333333, 308.4], "12": [3.0, 1658.2666666667, 543.05, 9.0833333333, 8.2166666667, 9.0, 5.9333333333, 3.3666666667, 3.0, 3.0, 3.0, 3.0, 5.0, 5.0, 5.0, 5.0, 7.0, 7.0, 323.3333333333, 226.5416666667, 188.875, 518.4083333333, 699.7666666667, 542.6333333333, 419.0833333333, 1094.25, 278.7666666667, 165.8833333333, 981.8833333333, 648.6166666667, 217.6833333333], "13": [3.0, 346.2166666667, 452.6333333333, 25.2, 27.4, 9.0, 638.0833333333, 3.0, 3.0, 3.0, 3.0, 3.0, 4.1333333333, 5.0, 5.0, 5.0, 7.0, 7.0, 255.7166666667, 205.7333333333, 256.5416666667, 528.1083333333, 327.25, 294.2, 546.1333333333, 865.8666666667, 413.8666666667, 345.1, 699.4833333333, 1227.95, 182.0833333333], "14": [3.0, 6.0666666667, 253.4, 22.3666666667, 6.1666666667, 9.0, 76.9166666667, 3.0333333333, 3.0, 3.0, 3.0, 3.0, 3.3, 5.0, 5.0, 5.0, 7.0, 7.0, 140.5166666667, 146.4083333333, 746.5083333333, 544.35, 411.4833333333, 367.15, 617.9166666667, 412.7666666667, 319.0333333333, 242.8166666667, 110.7166666667, 802.9666666667, 318.6], "15": [3.0, 4.6833333333, 147.9833333333, 485.9833333333, 7.0, 8.9333333333, 59.85, 3.0, 3.0, 3.0, 3.0, 3.0, 3.0, 4.4666666667, 5.0, 5.0, 6.0, 66.7583333333, 367.15, 198.1, 143.8916666667, 230.5666666667, 1171.2333333333, 319.55, 344.5666666667, 416.2333333333, 692.2333333333, 300.2666666667, 1191.1833333333, 829.55, 696.2833333333], "16": [3.0, 891.0833333333, 312.05, 5.4333333333, 7.0, 8.9, 3.0, 3.0, 3.0, 3.0, 3.0, 3.0, 3.0, 3.0, 5.0, 5.0, 5.0, 108.8916666667, 215.625, 321.4333333333, 102.7166666667, 182.7416666667, 464.1333333333, 914.2833333333, 421.1666666667, 411.1333333333, 527.5833333333, 244.3166666667, 586.6833333333, 773.1, 445.3333333333], "17": [3.0, 1010.3333333333, 405.15, 4.8833333333, 7.0333333333, 7.1, 3.0, 3.0, 3.0, 2.6, 3.0, 3.0, 3.0, 3.0, 4.5, 3.5666666667, 3.8, 88.125, 143.3416666667, 125.5083333333, 176.0583333333, 128.1666666667, 502.9666666667, 367.7333333333, 365.1833333333, 425.6333333333, 493.0833333333, 197.7833333333, 232.0166666667, 980.8333333333, 416.7166666667], "18": [2.5, 12.6166666667, 203.2, 4.0333333333, 12.0666666667, 7.0, 3.0, 3.2333333333, 3.0, 2.7, 3.0, 3.0, 3.0, 3.0, 4.8666666667, 3.1, 3.5, 290.075, 127.5333333333, 103.1916666667, 438.7416666667, 200.3583333333, 376.0666666667, 95.9833333333, 1131.75, 340.9333333333, 109.9666666667, 470.1333333333, 328.6333333333, 1116.0, 371.0666666667], "19": [0.4, 1.3333333333, 4.8333333333, 3.4166666667, 7.1666666667, 10.2666666667, 3.0, 3.0, 3.0, 2.35, 3.0, 3.0, 3.0, 3.6666666667, 5.0, 5.0, 5.0, 252.4, 145.0916666667, 186.5583333333, 325.925, 100.4, 436.85, 308.2833333333, 654.9833333333, 353.65, 994.05, 755.2, 892.5666666667, 342.15, 972.8833333333], "20": [0.0, 329.85, 5.0, 3.0, 6.0, 5.4, 3.0, 3.0, 3.0, 1.85, 3.0, 3.0, 3.0, 5.0, 5.0, 5.0, 5.0, 184.0166666667, 469.3333333333, 524.9166666667, 323.6333333333, 176.5333333333, 112.0166666667, 82.5, 478.8, 459.0666666667, 269.3166666667, 247.1666666667, 684.3833333333, 1225.1166666667, 650.8166666667], "21": [0.0, 480.1833333333, 676.5833333333, 3.1166666667, 7.4666666667, 5.0166666667, 3.0, 3.0, 3.0, 2.7, 3.0, 3.0, 3.0, 5.0, 5.0, 5.1833333333, 5.0, 187.525, 243.65, 314.2833333333, 192.3916666667, 142.5, 165.8166666667, 542.25, 178.9666666667, 1031.15, 376.3666666667, 593.3333333333, 160.2333333333, 984.3833333333, 668.7333333333], "22": [0.0, 37.7833333333, 110.5333333333, 3.2333333333, 6.7, 4.7, 3.0, 3.0333333333, 4.0333333333, 3.0, 3.0, 3.0, 3.0, 5.0, 5.0, 5.0, 5.0, 88.7666666667, 275.2833333333, 62.7833333333, 219.7416666667, 289.3333333333, 499.5166666667, 544.6166666667, 227.2166666667, 434.4833333333, 262.4, 636.4666666667, 365.0666666667, 749.8833333333, 663.65], "23": [0.0, 5.2333333333, 4.7833333333, 3.8333333333, 6.1, 5.65, 3.0, 3.0, 3.8, 3.0, 3.0, 3.0, 3.0, 5.0, 5.0, 5.0, 5.0, 314.2166666667, 135.0083333333, 4.6833333333, 164.0833333333, 155.4333333333, 363.4333333333, 142.8333333333, 427.4666666667, 247.8, 33.7333333333, 244.05, 779.0833333333, 1335.0666666667, 499.8333333333]}}