{"file": "control_15", "boxplot_data": {"00": [5.0333333333, 10.7, 16.1666666667, 5.7833333333, 8.3166666667, 266.6833333333, 210.4166666667, 7.1166666667, 15.3666666667, 0.0, 7.9333333333, 20.45, 6.1166666667, 290.7166666667, 215.2333333333], "01": [12.15, 5.4, 8.75, 12.25, 6.6833333333, 15.85, 13.0333333333, 14.4833333333, 6.1833333333, 0.0, 16.9, 5.5, 12.6833333333, 11.2666666667, 7.1833333333], "02": [10.6, 10.7166666667, 8.7333333333, 12.95, 9.8, 17.7833333333, 22.9166666667, 8.1, 11.85, 0.0, 3.4833333333, 18.0833333333, 12.6166666667, 43.6166666667, 12.1333333333], "03": [3.5333333333, 7.4166666667, 1.4, 7.1166666667, 47.35, 9.05, 10.1333333333, 13.0666666667, 11.45, 0.0, 11.1666666667, 11.1333333333, 8.1166666667, 6.2166666667, 32.6166666667], "04": [26.1666666667, 16.15, 12.15, 7.0666666667, 5.5, 10.0833333333, 50.3333333333, 17.8166666667, 8.6666666667, 0.0, 9.2, 21.6666666667, 44.7166666667, 17.3833333333, 9.75], "05": [3.7, 9.45, 35.1, 38.4666666667, 9.4833333333, 20.0833333333, 15.5666666667, 18.5, 24.1, 0.0, 8.3166666667, 10.3, 9.1, 11.2, 9.75], "06": [496.2333333333, 30.8833333333, 514.7, 670.6666666667, 337.3666666667, 8.3, 13.05, 565.4333333333, 488.0166666667, 0.0, 603.2833333333, 429.1333333333, 471.9, 18.7, 18.4166666667], "07": [533.7, 850.7, 556.1666666667, 360.0333333333, 564.9166666667, 7.1, 19.4333333333, 554.0833333333, 520.7833333333, 0.0, 554.8333333333, 479.5833333333, 462.4166666667, 8.0, 10.4833333333], "08": [392.7833333333, 459.8333333333, 439.8166666667, 460.2833333333, 334.05, 30.7666666667, 33.25, 277.4833333333, 438.5833333333, 253.7333333333, 318.65, 477.1, 431.9333333333, 14.45, 38.5666666667], "09": [188.0333333333, 162.1333333333, 268.6333333333, 400.8333333333, 424.1, 705.2833333333, 496.8333333333, 234.4166666667, 329.7833333333, 10.8833333333, 44.5166666667, 361.4666666667, 553.9166666667, 504.8833333333, 582.85, 610.9333333333], "10": [173.3666666667, 345.5666666667, 354.4166666667, 732.7, 390.4833333333, 437.1333333333, 440.3833333333, 258.2666666667, 1153.9333333333, 0.0, 47.9333333333, 465.4, 331.15, 380.5, 559.9833333333, 525.7166666667], "11": [423.65, 324.9666666667, 402.6333333333, 360.5, 420.4666666667, 541.2166666667, 731.65, 371.4, 521.45, 0.7166666667, 101.75, 412.0333333333, 331.8166666667, 445.3333333333, 408.9, 703.3333333333], "12": [515.7833333333, 575.1666666667, 446.25, 427.95, 500.0833333333, 800.7833333333, 874.8333333333, 342.85, 316.7, 2.9666666667, 50.3166666667, 288.8666666667, 599.65, 671.6333333333, 200.3166666667, 360.1833333333], "13": [400.2833333333, 1013.05, 405.3333333333, 845.9833333333, 569.2833333333, 922.35, 480.2833333333, 401.6666666667, 1.7333333333, 2.8333333333, 215.55, 622.5, 458.3, 408.1, 444.1833333333, 629.3], "14": [278.6166666667, 532.95, 327.7166666667, 537.9666666667, 487.0833333333, 360.1333333333, 792.1333333333, 397.0, 4.9333333333, 19.8666666667, 333.2, 320.25, 362.7833333333, 578.4333333333, 603.6, 449.5], "15": [719.0833333333, 744.2, 635.7166666667, 610.4666666667, 752.8166666667, 276.0, 203.1666666667, 743.15, 78.5166666667, 99.8833333333, 521.2833333333, 794.45, 822.4333333333, 547.5833333333, 292.5333333333, 597.0], "16": [702.6166666667, 752.4833333333, 710.9, 280.5333333333, 766.7833333333, 72.2, 257.6, 616.4166666667, 88.2666666667, 0.0, 1019.9166666667, 544.8166666667, 630.7, 519.85, 222.6833333333, 146.2833333333], "17": [238.2, 75.7833333333, 20.95, 84.9166666667, 299.75, 172.9166666667, 451.45, 27.9166666667, 0.0, 2.55, 651.6, 114.8, 466.2833333333, 209.2166666667, 490.4166666667, 622.3166666667], "18": [164.6333333333, 50.8666666667, 149.75, 706.1, 280.4166666667, 652.95, 111.1333333333, 308.8833333333, 7.1833333333, 0.0, 452.85, 900.1, 471.0666666667, 521.9333333333, 516.1, 64.6833333333], "19": [55.1833333333, 367.9833333333, 595.1666666667, 359.0833333333, 619.75, 774.5333333333, 326.7666666667, 353.1666666667, 0.4333333333, 6.3833333333, 595.0, 334.8833333333, 337.0, 790.0, 51.0333333333, 713.65], "20": [325.15, 484.7833333333, 244.8833333333, 675.6166666667, 118.6833333333, 272.3833333333, 1218.2, 433.8333333333, 0.0, 136.6666666667, 370.7333333333, 638.3333333333, 337.0, 444.8666666667, 56.4333333333, 73.35], "21": [163.25, 133.0, 591.2833333333, 618.9833333333, 89.9, 50.2833333333, 158.1666666667, 382.7166666667, 0.0, 59.7666666667, 269.4333333333, 408.5166666667, 343.6166666667, 306.1333333333, 124.9166666667], "22": [244.4666666667, 270.8166666667, 56.3833333333, 279.3, 17.0166666667, 135.6333333333, 134.9166666667, 235.5333333333, 0.0, 67.7666666667, 163.45, 305.4666666667, 327.6, 94.4833333333, 32.8666666667], "23": [117.6166666667, 113.95, 292.9833333333, 253.4666666667, 251.5333333333, 55.5333333333, 322.9333333333, 201.7333333333, 0.0, 274.7166666667, 239.8333333333, 204.3833333333, 268.9333333333, 388.45, 329.6333333333]}}