{"file": "control_31", "boxplot_data": {"00": [109.7, 0.0, 0.0, 0.15, 0.0, 0.0, 0.0, 0.0, 0.0, 0.0, 0.0, 0.0, 0.0, 0.0, 0.0, 0.0, 0.0, 0.0, 9.5, 14.5416666667, 0.775, 204.75, 298.3416666667, 377.3833333333, 79.4666666667, 40.6, 16.4166666667, 76.0333333333, 187.8166666667, 620.9166666667, 470.8], "01": [2.0833333333, 0.0, 0.0, 0.0, 0.0, 0.0, 0.0, 0.0, 0.0, 0.0, 0.0, 0.0, 0.0, 0.0, 0.0, 0.0, 0.0, 0.0, 1.3083333333, 7.1833333333, 0.675, 207.6666666667, 172.65, 51.8666666667, 0.4833333333, 14.1166666667, 2.2, 4.3, 4.9, 405.9166666667, 87.6333333333], "02": [0.6666666667, 0.0, 0.0, 0.0, 0.0, 0.0, 0.0, 0.0, 0.0, 0.0, 0.0, 0.0, 0.0, 0.0, 0.0, 0.0, 0.0, 0.0, 0.375, 4.5583333333, 2.0583333333, 78.325, 97.9416666667, 6.4166666667, 10.25, 22.4333333333, 11.95, 24.65, 10.1333333333, 28.2], "03": [24.3666666667, 0.0, 0.0, 0.0, 0.0, 0.0, 0.0, 0.0, 0.0, 0.0, 0.0, 0.0, 0.0, 0.0, 0.0, 0.0, 0.0, 0.0, 4.575, 4.725, 7.5833333333, 0.925, 4.9666666667, 10.45, 14.4, 26.1166666667, 4.1166666667, 8.4833333333, 14.7166666667, 3.25, 53.5], "04": [25.1833333333, 0.0, 0.0, 0.0, 0.0, 0.0, 0.0, 0.0, 0.0, 0.0, 0.0, 0.0, 0.0, 0.0, 0.0, 0.0, 0.0, 0.0, 6.0666666667, 1.8583333333, 13.0166666667, 5.2083333333, 3.4416666667, 12.2, 39.4833333333, 3.7666666667, 8.3833333333, 1.1333333333, 14.5666666667, 5.9333333333, 55.0666666667], "05": [8.1833333333, 0.0, 0.0, 0.0, 0.0, 0.0, 0.0, 0.0, 0.0, 0.0, 0.0, 0.0, 0.0, 0.0, 0.0, 0.0, 0.0, 0.0, 16.925, 7.5416666667, 5.675, 10.5, 0.8083333333, 16.8666666667, 8.3, 15.0, 10.3833333333, 3.1, 2.3166666667, 6.0166666667, 12.8333333333], "06": [481.4333333333, 0.0, 0.0, 0.0, 0.0, 0.0, 0.0, 0.0, 0.0, 0.0, 0.0, 0.0, 0.0, 0.0, 0.0, 0.0, 0.0, 0.0, 5.0833333333, 107.7916666667, 17.7333333333, 8.1333333333, 2.4833333333, 17.8166666667, 24.5833333333, 12.3, 35.2833333333, 16.15, 8.9166666667, 10.6, 29.9833333333], "07": [853.1166666667, 0.0, 0.0, 0.0, 0.0, 0.0, 0.0, 0.0, 0.0, 0.0, 0.0, 0.0, 0.0, 0.0, 0.0, 0.0, 0.0, 0.0, 12.0, 501.6583333333, 6.5166666667, 9.6083333333, 12.725, 22.4833333333, 16.7666666667, 28.1333333333, 17.9666666667, 27.3333333333, 808.25, 4.6666666667, 27.9333333333], "08": [386.8833333333, 0.0, 0.0, 0.0, 0.0, 0.0, 0.0, 0.0, 0.0, 0.0, 0.0, 0.0, 0.0, 0.0, 0.0, 0.0, 0.0, 0.0, 246.4166666667, 82.975, 60.9833333333, 10.8083333333, 11.9887640449, 8.9666666667, 293.2833333333, 415.5, 24.4666666667, 25.0, 492.7666666667, 11.5166666667, 91.8], "09": [517.5333333333, 0.0, 0.0, 0.0, 0.0, 0.0, 0.0, 0.0, 0.0, 0.0, 0.0, 0.0, 0.0, 0.0, 0.0, 0.0, 0.0, 0.0, 386.4833333333, 111.3666666667, 254.7666666667, 6.5833333333, 26.9333333333, 195.7, 590.4333333333, 450.95, 464.9333333333, 483.0, 991.35, 7.15, 406.3833333333], "10": [465.85, 0.0, 0.0333333333, 0.0, 0.0, 0.0, 0.0, 630.15, 0.0, 113.05, 0.0, 0.0, 0.0, 0.0, 0.0, 0.0, 0.0, 0.0, 661.475, 183.575, 79.075, 13.075, 31.6, 1033.1666666667, 383.9833333333, 256.2833333333, 982.9, 908.8666666667, 899.45, 34.6833333333, 736.1333333333], "11": [436.3833333333, 0.0, 0.0, 0.0, 0.0, 0.0, 0.0, 131.95, 0.0, 0.0, 0.0, 0.0, 0.0, 0.0, 0.0, 0.0, 0.0, 0.0, 170.8166666667, 127.0416666667, 295.8833333333, 240.8583333333, 526.7833333333, 294.0166666667, 332.1333333333, 434.9166666667, 221.5666666667, 249.4666666667, 1030.3166666667, 72.1833333333, 251.15], "12": [458.7166666667, 0.1333333333, 0.0, 0.0, 0.0, 0.0, 0.0, 88.85, 0.0, 0.0, 0.0, 0.0, 0.0, 0.0, 0.0, 0.0, 0.0, 0.0, 151.55, 395.3833333333, 127.875, 47.0166666667, 563.85, 440.6666666667, 486.1166666667, 427.5833333333, 201.2166666667, 731.75, 771.7166666667, 282.5, 488.6166666667], "13": [486.5, 0.35, 0.0, 0.0, 0.0, 0.0333333333, 0.0, 0.0, 0.0, 0.0, 0.0, 0.0, 0.0, 0.0, 0.0, 0.0, 0.0, 0.0, 171.2166666667, 355.275, 248.5833333333, 189.6833333333, 360.5, 314.5333333333, 313.5666666667, 532.85, 522.8, 412.5333333333, 992.0166666667, 816.7333333333, 375.8333333333], "14": [335.2333333333, 0.2333333333, 0.0, 0.0, 0.0, 0.0, 0.0, 0.0, 0.0, 0.0, 0.0, 0.0, 0.0, 0.0, 0.0, 0.0, 0.0, 0.0, 51.475, 75.275, 111.5916666667, 217.35, 243.35, 617.7, 1037.55, 783.2166666667, 320.3, 661.3666666667, 848.1666666667, 966.65, 185.9], "15": [381.4833333333, 0.0, 3.4333333333, 0.0, 0.0, 0.0, 0.0, 0.0, 0.0, 0.0, 0.0, 0.0, 0.0, 0.0, 0.0, 0.0, 0.0, 277.6916666667, 314.5833333333, 125.35, 492.3333333333, 410.5333333333, 157.5166666667, 309.8166666667, 451.2666666667, 685.05, 545.9166666667, 767.3166666667, 713.1333333333, 922.35, 393.1333333333], "16": [678.9833333333, 0.0, 1.5, 0.0, 0.0, 0.0, 0.0, 0.0, 0.0, 0.0, 0.0, 0.0, 0.0, 0.0, 0.0, 0.0, 0.0, 293.4833333333, 240.3, 154.35, 256.0833333333, 365.025, 480.3833333333, 758.0666666667, 290.2166666667, 791.0, 619.5166666667, 710.4833333333, 638.55, 750.5166666667, 150.5833333333], "17": [525.15, 0.0, 5.35, 0.0, 0.0333333333, 0.0, 0.0, 0.0, 0.0, 0.0, 0.0, 0.0, 0.0, 0.0, 0.0, 0.0, 0.0, 197.275, 211.5416666667, 166.4666666667, 311.6, 424.2333333333, 204.9666666667, 633.05, 379.2333333333, 599.2, 564.6833333333, 875.6166666667, 670.0, 844.5166666667, 429.8166666667], "18": [660.5833333333, 0.0, 0.05, 0.0, 0.0, 0.2833333333, 0.0, 0.0, 0.0, 0.0, 0.0, 0.0, 0.0, 0.0, 0.0, 0.0, 0.0, 50.7, 80.8583333333, 131.5166666667, 268.0666666667, 659.5666666667, 296.2666666667, 827.4, 812.3833333333, 720.0666666667, 467.45, 775.1166666667, 615.1166666667, 802.75, 1224.9833333333], "19": [0.0, 0.0, 0.0, 0.0, 0.0, 0.0, 0.0, 0.0, 0.0, 0.0, 0.0, 0.0, 0.0, 0.0, 0.0, 0.0, 0.0, 205.275, 179.05, 177.725, 334.6333333333, 369.8416666667, 226.4666666667, 234.9166666667, 152.2666666667, 874.8833333333, 400.1333333333, 856.05, 661.0, 834.1666666667, 1108.5], "20": [0.0, 0.0, 0.0, 0.0, 0.0, 0.0, 0.0, 0.0, 0.0, 0.0, 0.0, 0.0, 0.0, 0.0, 0.0, 0.0, 0.0, 914.125, 1391.9083333333, 68.65, 337.0833333333, 280.3833333333, 1276.1666666667, 3160.75, 594.8833333333, 956.0833333333, 253.7333333333, 1016.5333333333, 577.2, 677.8666666667, 272.0], "21": [0.0, 0.0, 0.0, 0.0, 0.0, 0.0, 0.0, 0.0, 0.0, 0.0, 0.0, 0.0, 0.0, 0.0, 0.0, 0.2833333333, 0.0, 185.5, 175.6916666667, 110.0, 97.975, 176.5083333333, 308.4166666667, 417.4333333333, 276.3, 832.4666666667, 527.4666666667, 677.0666666667, 633.25, 756.65, 302.9666666667], "22": [0.0, 0.6, 0.0, 0.0, 0.45, 0.0, 0.0, 0.0, 0.0, 0.0, 0.0, 0.0, 0.0, 0.0, 0.0, 0.0, 0.0, 130.3, 235.1166666667, 90.35, 44.3416666667, 135.65, 184.6333333333, 288.1, 265.6333333333, 695.35, 135.9333333333, 694.4, 821.9, 552.0666666667, 314.2833333333], "23": [0.0, 0.0, 0.0, 0.0, 0.0, 0.0, 0.0, 0.0, 0.0, 0.0, 0.0, 0.0, 0.0, 0.0, 0.0, 0.0, 0.0, 95.0166666667, 108.8833333333, 200.725, 216.5916666667, 87.85, 94.7666666667, 376.6333333333, 364.1333333333, 325.4166666667, 467.9166666667, 896.5166666667, 613.9833333333, 184.3, 627.5166666667]}}