{"file": "control_16", "boxplot_data": {"00": [13.1, 28.5333333333, 11.6333333333, 214.05, 199.75, 73.8166666667, 14.4833333333, 4.4166666667, 22.6166666667, 28.6666666667, 28.3166666667, 33.25, 89.2166666667, 3.9666666667, 4.0, 5.0, 5.0], "01": [16.2666666667, 8.5666666667, 15.8833333333, 22.25, 10.9, 14.4, 16.3833333333, 14.1333333333, 7.1, 34.8166666667, 19.9, 9.6666666667, 28.9333333333, 16.7833333333, 4.2, 5.0, 5.0], "02": [11.2666666667, 22.3166666667, 14.2833333333, 9.65, 19.25, 19.2833333333, 16.15, 19.45, 23.8166666667, 3.7, 21.55, 26.4166666667, 8.2166666667, 12.25, 4.0, 5.0, 5.0], "03": [11.8666666667, 9.6166666667, 13.2, 15.8666666667, 5.4166666667, 15.3, 10.85, 23.55, 4.7333333333, 13.55, 7.2166666667, 30.6666666667, 3.5333333333, 6.6, 3.0, 5.7, 5.0], "04": [5.8166666667, 18.85, 15.8166666667, 12.5, 29.75, 13.8333333333, 14.7666666667, 11.4333333333, 11.0666666667, 65.0166666667, 15.4333333333, 18.8333333333, 12.65, 7.8, 3.0, 5.4666666667, 5.0], "05": [18.85, 56.9666666667, 66.7666666667, 10.95, 8.9666666667, 92.1333333333, 208.3, 300.6, 211.0333333333, 10.5, 7.0666666667, 33.15, 40.7833333333, 15.75, 3.0, 5.2666666667, 5.0], "06": [389.55, 373.65, 405.4166666667, 8.1333333333, 5.8833333333, 394.3833333333, 349.1333333333, 461.6166666667, 289.9333333333, 31.05, 24.2166666667, 30.7166666667, 487.1166666667, 122.6333333333, 3.0, 5.0, 5.0], "07": [434.65, 353.5333333333, 489.4833333333, 14.1, 17.7, 413.45, 312.55, 270.7666666667, 862.45, 6.2833333333, 214.9666666667, 40.9166666667, 411.75, 459.2666666667, 3.0333333333, 5.0, 77.7833333333], "08": [222.8166666667, 246.2333333333, 443.8166666667, 131.6666666667, 23.8833333333, 343.4666666667, 468.9333333333, 226.3333333333, 175.4666666667, 15.2833333333, 338.1833333333, 108.5166666667, 268.3166666667, 330.9166666667, 3.0, 5.0, 6.8666666667], "09": [8.0333333333, 377.8166666667, 359.7166666667, 266.7166666667, 132.05, 103.35, 228.0, 327.95, 154.6666666667, 166.0833333333, 158.85, 358.25, 230.25, 152.55, 403.2166666667, 7.5333333333, 80.5833333333, 5.0333333333], "10": [7.0, 194.15, 357.4166666667, 352.15, 591.9666666667, 483.1, 275.7, 339.1, 199.85, 187.8666666667, 277.0, 459.5, 370.5833333333, 302.9, 416.5166666667, 3.0, 6.0, 129.6153846154], "11": [27.4333333333, 247.6333333333, 341.55, 535.8833333333, 868.7833333333, 316.1166666667, 223.0333333333, 487.5333333333, 280.35, 243.05, 228.9333333333, 330.8833333333, 301.25, 418.2833333333, 170.2833333333, 3.0, 123.1], "12": [14.7, 299.0166666667, 283.5166666667, 375.0666666667, 943.2666666667, 532.0666666667, 445.9666666667, 386.5666666667, 449.3166666667, 613.95, 313.8666666667, 317.4833333333, 247.6166666667, 255.5333333333, 0.0, 3.0, 135.0166666667], "13": [34.7833333333, 452.8333333333, 388.3833333333, 412.25, 1251.0166666667, 419.55, 172.05, 395.2, 252.4666666667, 628.3333333333, 187.2833333333, 319.7333333333, 558.3333333333, 339.4166666667, 0.05, 3.0, 26.3333333333], "14": [100.5, 481.3666666667, 479.7, 456.5833333333, 731.0333333333, 579.35, 313.1333333333, 306.3, 231.85, 648.65, 429.9333333333, 338.3666666667, 337.8166666667, 352.25, 1.75, 3.0, 18.1], "15": [552.3333333333, 481.5666666667, 471.0833333333, 412.3833333333, 712.6333333333, 888.6333333333, 489.8, 357.2166666667, 400.6333333333, 329.55, 37.7666666667, 375.5666666667, 416.8166666667, 392.4, 3.0, 3.0, 24.95], "16": [387.0333333333, 479.95, 480.95, 411.3166666667, 245.7166666667, 543.9333333333, 472.3166666667, 306.6666666667, 499.5333333333, 394.5, 241.65, 383.7833333333, 340.7833333333, 159.0666666667, 3.0, 3.0, 5.3], "17": [290.5333333333, 403.7833333333, 505.5333333333, 514.7166666667, 321.0, 270.55, 403.5166666667, 129.0333333333, 545.7, 275.7666666667, 262.25, 432.2333333333, 324.5, 386.85, 4.1, 3.0, 5.1], "18": [131.7833333333, 387.4166666667, 354.7, 148.95, 672.3333333333, 250.1333333333, 239.0666666667, 295.5666666667, 152.0166666667, 343.5666666667, 249.6833333333, 228.8666666667, 109.4333333333, 531.2666666667, 3.0, 3.0, 5.4], "19": [282.2666666667, 179.0, 366.45, 238.4, 287.5333333333, 131.9833333333, 296.85, 223.3, 425.95, 247.4666666667, 428.4166666667, 535.5666666667, 523.5, 407.2, 3.0, 3.0, 9.9166666667], "20": [393.1333333333, 140.9166666667, 277.55, 222.35, 196.8666666667, 262.5333333333, 267.3166666667, 171.4166666667, 356.7833333333, 279.6833333333, 442.1, 260.6333333333, 476.0, 223.6666666667, 3.0, 3.3, 5.7166666667], "21": [239.55, 185.9666666667, 342.3, 468.8666666667, 219.1666666667, 448.8, 195.7333333333, 364.8833333333, 285.0, 411.3, 198.0833333333, 213.2833333333, 519.3, 281.1833333333, 3.0, 5.0, 5.0], "22": [203.3333333333, 333.5, 320.1666666667, 153.45, 146.5, 90.2, 158.9666666667, 239.15, 211.7833333333, 334.25, 362.4166666667, 320.15, 336.9166666667, 136.25, 3.2666666667, 5.0, 14.8], "23": [240.0833333333, 70.6, 89.5666666667, 174.2666666667, 201.3666666667, 300.3833333333, 213.5666666667, 19.35, 251.3166666667, 125.15, 94.4833333333, 38.15, 452.8166666667, 6.3, 5.0, 5.0, 5.0]}}