{"file": "control_22", "boxplot_data": {"00": [263.9833333333, 42.1166666667, 8.3333333333, 64.4166666667, 60.65, 206.4666666667, 18.55, 265.8666666667, 505.15, 50.9333333333, 25.0, 34.4833333333, 8.3166666667, 6.95, 343.4666666667], "01": [23.3666666667, 70.3333333333, 9.0, 21.8, 29.4833333333, 21.7666666667, 21.7333333333, 46.9333333333, 24.85, 22.0333333333, 11.2, 12.0333333333, 15.2333333333, 8.2333333333, 235.5333333333], "02": [20.2166666667, 49.25, 9.0, 15.4333333333, 14.7, 11.1666666667, 39.6833333333, 88.8333333333, 15.35, 10.5166666667, 43.9666666667, 22.7666666667, 16.4833333333, 20.1666666667, 883.7666666667], "03": [9.2166666667, 21.7666666667, 9.0166666667, 18.8, 19.1833333333, 15.7833333333, 7.2666666667, 25.2166666667, 11.05, 14.2833333333, 18.2666666667, 10.45, 6.6333333333, 17.0333333333, 225.8], "04": [21.1, 13.0833333333, 9.45, 20.7, 12.85, 16.3833333333, 20.3666666667, 28.05, 32.0833333333, 18.8666666667, 19.8166666667, 24.3166666667, 11.3, 9.0333333333, 16.7166666667], "05": [11.3833333333, 11.35, 9.2166666667, 10.7, 13.3666666667, 10.3833333333, 10.65, 10.65, 24.3833333333, 23.75, 12.35, 13.7666666667, 10.8166666667, 8.15, 44.5666666667], "06": [12.9666666667, 19.5666666667, 9.0, 18.0666666667, 12.3833333333, 8.5, 21.7666666667, 23.7166666667, 18.0833333333, 20.0, 17.7, 11.8, 30.75, 8.6833333333, 19.8333333333], "07": [418.2333333333, 137.5666666667, 9.3833333333, 144.35, 360.4166666667, 373.2166666667, 39.3666666667, 13.2166666667, 415.3, 19.05, 423.8, 475.0666666667, 577.3166666667, 12.9166666667, 36.9833333333], "08": [320.6333333333, 458.6333333333, 30.6833333333, 589.85, 391.3166666667, 413.3833333333, 11.1, 9.0666666667, 349.0166666667, 465.75, 281.3833333333, 219.8666666667, 364.25, 246.6333333333, 205.9833333333], "09": [506.5333333333, 358.1166666667, 105.7, 7.1333333333, 516.9166666667, 479.25, 429.6666666667, 11.0833333333, 17.5666666667, 164.7333333333, 472.1666666667, 366.55, 453.9166666667, 257.8833333333, 819.25, 65.8], "10": [463.65, 408.75, 9.2142857143, 289.7, 634.9833333333, 294.4833333333, 446.5333333333, 262.35, 87.6333333333, 318.9166666667, 377.2, 197.0, 481.7333333333, 536.45, 301.45, 166.95], "11": [156.8333333333, 150.1666666667, 282.3166666667, 594.1166666667, 176.2666666667, 346.9833333333, 412.7166666667, 820.4166666667, 184.7, 225.4833333333, 262.4166666667, 519.3333333333, 188.5, 115.2166666667, 385.5666666667], "12": [538.0333333333, 314.2666666667, 302.6, 238.0166666667, 367.3833333333, 443.4333333333, 502.2333333333, 557.3, 490.0, 288.8833333333, 341.05, 499.0, 271.0833333333, 574.4166666667, 382.5666666667], "13": [270.4833333333, 221.1833333333, 286.5666666667, 312.8833333333, 261.5666666667, 434.4333333333, 417.2666666667, 696.7333333333, 372.1166666667, 341.7833333333, 155.6, 332.95, 421.4166666667, 527.3666666667, 101.0], "14": [308.7, 121.6, 185.3333333333, 234.0166666667, 312.0, 422.6833333333, 256.4666666667, 534.2666666667, 378.0833333333, 650.8333333333, 409.1166666667, 299.1666666667, 505.55, 510.3333333333, 172.3166666667], "15": [470.2666666667, 226.2166666667, 161.3833333333, 264.0, 259.8666666667, 573.4666666667, 311.7666666667, 310.35, 305.7, 191.05, 219.6666666667, 111.35, 570.1333333333, 602.8, 183.55], "16": [244.5833333333, 7.15, 473.4666666667, 250.3833333333, 171.1833333333, 700.8833333333, 780.6, 467.45, 263.4666666667, 220.5666666667, 288.7333333333, 275.15, 700.15, 1238.8666666667, 505.0166666667], "17": [507.7166666667, 7.0, 262.6666666667, 277.2, 151.6833333333, 441.2666666667, 542.3166666667, 387.55, 489.0666666667, 451.4, 334.05, 324.3666666667, 248.9666666667, 526.0833333333, 51.1], "18": [723.5833333333, 7.0, 249.5, 523.25, 443.4166666667, 605.25, 563.05, 570.0833333333, 431.0833333333, 546.5, 329.2666666667, 573.45, 403.7333333333, 505.85, 14.0333333333], "19": [196.05, 7.1, 193.0166666667, 483.6666666667, 413.0, 57.5666666667, 284.3833333333, 893.3166666667, 231.45, 569.6666666667, 195.5833333333, 602.2333333333, 440.3166666667, 511.9833333333, 25.45], "20": [187.4, 9.35, 310.6333333333, 105.2166666667, 393.55, 156.9, 230.0, 439.8166666667, 152.95, 273.0, 155.7333333333, 695.45, 295.85, 1430.1, 70.4666666667], "21": [452.45, 7.45, 152.6833333333, 238.0833333333, 10.7, 216.5, 230.0, 198.2833333333, 416.1, 425.0166666667, 309.7166666667, 484.8333333333, 530.9833333333, 455.9, 314.9333333333], "22": [275.0, 8.0, 309.8833333333, 320.7833333333, 377.9166666667, 88.2, 230.0, 267.45, 410.1833333333, 230.15, 216.3833333333, 256.55, 140.7, 252.95, 115.15], "23": [195.85, 8.0, 329.15, 108.15, 408.0, 368.6833333333, 288.6333333333, 127.0, 119.5166666667, 221.9, 231.05, 91.05, 243.2, 550.8, 126.5166666667]}}