{"file": "control_7", "boxplot_data": {"00": [150.9166666667, 5.0, 5.0, 6.0, 6.0, 5.6166666667, 9.3, 5.0, 5.0, 5.0, 3.0, 3.0, 3.0, 3.0, 3.0, 3.0, 3.0, 3.0, 363.8583333333, 50.95, 255.6916666667, 370.4916666667, 296.4, 111.4666666667, 7.1833333333, 392.2, 265.35, 76.9333333333, 641.5166666667, 1081.3166666667, 81.45], "01": [3.4333333333, 3.5, 5.65, 5.95, 6.0, 6.1833333333, 6.0, 5.0, 5.0, 5.0, 3.0, 3.0, 3.0, 3.0, 3.0, 3.0, 3.0, 3.0, 6.3083333333, 82.5166666667, 3.825, 0.0, 231.125, 5.9, 21.35, 19.85, 4.6166666667, 13.9333333333, 251.5333333333, 1622.8833333333, 7.4166666667], "02": [37.6666666667, 3.0, 5.0666666667, 5.8666666667, 6.0, 5.9333333333, 6.2, 5.0, 5.0, 5.0, 3.0, 3.0, 3.0, 3.0, 3.0, 3.0, 3.0, 3.0, 11.9833333333, 8.5333333333, 7.0416666667, 4.725, 549.2583333333, 2.9, 9.2, 18.7, 9.1666666667, 4.1666666667, 774.65, 12.4666666667], "03": [22.0333333333, 3.0, 5.3833333333, 6.0, 6.2333333333, 6.2, 6.1333333333, 5.0, 5.0, 5.0, 3.0, 3.0, 3.0, 3.0, 3.0, 3.0, 3.0, 3.0, 13.7333333333, 7.3583333333, 11.1583333333, 3.8583333333, 0.0, 24.2833333333, 17.9833333333, 9.1, 17.6833333333, 17.7833333333, 2.4666666667, 1209.0666666667, 28.1666666667], "04": [17.8833333333, 4.7, 6.0, 6.0333333333, 6.0333333333, 6.1, 7.9666666667, 5.0, 5.0, 5.0, 3.0, 3.0, 3.0, 3.0, 3.0, 3.0, 3.0, 3.0, 5.275, 11.0833333333, 4.9666666667, 6.925, 10.5166666667, 25.7833333333, 15.45, 22.1, 17.1833333333, 8.0833333333, 7.95, 517.15, 13.0833333333], "05": [25.4833333333, 5.0, 6.0, 6.0, 6.1333333333, 6.4, 6.5666666667, 5.0, 5.0, 5.0, 3.0, 3.0, 3.0, 3.0, 3.7333333333, 3.0, 3.0, 3.0, 17.6, 9.8166666667, 20.5416666667, 13.3083333333, 2.3833333333, 20.6833333333, 34.5333333333, 12.35, 18.55, 33.8333333333, 12.4166666667, 17.7666666667, 15.7666666667], "06": [20.7, 5.0, 5.75, 7.5666666667, 7.9, 8.0, 6.7333333333, 5.0, 5.0, 5.0, 3.0, 3.0, 3.0, 3.0, 5.0, 3.0, 3.0, 3.0, 10.9083333333, 14.9083333333, 11.075, 8.2666666667, 9.675, 50.3833333333, 10.3, 27.2166666667, 16.0666666667, 18.6, 13.5333333333, 4.7833333333, 20.45], "07": [1090.05, 5.0, 5.9, 8.9333333333, 7.9666666667, 7.8, 6.0666666667, 5.0, 5.0, 5.0, 3.0, 3.0, 3.0, 3.0, 5.0, 3.0, 3.0, 3.0, 15.3083333333, 480.8166666667, 59.2166666667, 81.2083333333, 13.7833333333, 1092.0833333333, 147.4, 26.1333333333, 34.15, 27.1333333333, 33.3333333333, 13.7833333333, 22.6666666667], "08": [178.7, 5.0, 5.8166666667, 6.9333333333, 6.0333333333, 6.0, 6.0, 5.0, 5.0, 5.0, 3.0, 3.0, 3.0, 3.0, 5.0, 3.0, 3.0, 3.0, 32.3583333333, 161.95, 548.6583333333, 492.925, 16.7166666667, 383.45, 1196.7333333333, 60.35, 49.8833333333, 259.25, 33.0833333333, 10.0833333333, 34.2], "09": [227.4666666667, 5.0, 5.5, 6.0, 6.5666666667, 6.9333333333, 6.8333333333, 5.0, 5.0, 5.0, 3.0, 3.0, 3.0, 3.0, 5.0, 3.0, 3.0, 3.0, 430.5333333333, 287.625, 185.6833333333, 184.25, 11.1166666667, 364.5333333333, 656.8666666667, 34.2, 581.3166666667, 4007.3666666667, 53.5, 19.3666666667, 26.2166666667], "10": [403.25, 5.2333333333, 5.8666666667, 6.0, 6.0, 6.4833333333, 8.0, 5.0166666667, 5.0, 83.5166666667, 3.0, 3.0, 3.0, 3.0, 5.0, 3.0, 3.0, 3.0, 602.3916666667, 224.575, 221.7083333333, 280.925, 46.2285714286, 310.25, 304.8333333333, 609.1333333333, 703.7333333333, 919.9, 45.5833333333, 31.9666666667, 640.0333333333], "11": [413.0, 5.0, 6.0, 6.0, 6.0, 6.7, 7.5666666667, 5.0, 5.0, 4.5, 3.0, 3.0, 3.0, 3.0, 5.0, 3.0, 3.0, 3.0, 676.0, 161.1083333333, 227.8666666667, 439.4083333333, 94.8166666667, 561.3333333333, 358.65, 248.0833333333, 332.7666666667, 414.2166666667, 586.7833333333, 63.8, 432.05], "12": [343.2, 7.3833333333, 6.0333333333, 6.1333333333, 6.0, 6.2333333333, 94.8833333333, 6.55, 5.0, 3.8333333333, 3.0, 3.0, 3.0, 3.0, 5.0, 3.0, 3.0, 3.0, 550.975, 177.2833333333, 260.6, 316.5333333333, 871.0, 432.6833333333, 555.7666666667, 266.45, 233.7333333333, 267.2333333333, 864.2833333333, 33.1166666667, 370.5833333333], "13": [304.7833333333, 3.2833333333, 6.0, 6.0, 6.0, 5.9, 355.5166666667, 5.0, 5.0, 3.0, 3.0, 3.0, 3.0, 3.0, 5.0, 3.0, 3.0, 3.0, 352.2333333333, 78.075, 283.8, 431.3916666667, 231.1, 316.7166666667, 948.3333333333, 857.7833333333, 706.3833333333, 332.45, 545.45, 163.6333333333, 219.0833333333], "14": [406.7833333333, 5.95, 6.15, 6.0, 6.3, 6.0666666667, 31.5333333333, 5.0, 5.0, 3.0, 3.0, 3.0, 3.0, 3.0, 4.9333333333, 3.0, 3.0, 3.0, 498.3, 241.9333333333, 163.55, 228.7916666667, 223.1, 535.9166666667, 406.65, 3756.6, 229.5, 708.4166666667, 527.55, 97.0166666667, 306.75], "15": [570.6166666667, 4.0166666667, 5.4666666667, 5.8166666667, 6.8666666667, 5.3, 60.3166666667, 5.0, 5.0, 3.0, 3.0, 3.0, 3.0, 3.0, 3.0, 3.0, 3.0, 184.375, 309.9916666667, 201.1, 201.2833333333, 307.9833333333, 71.8833333333, 358.6333333333, 349.1166666667, 1126.55, 628.55, 734.7833333333, 314.5333333333, 1028.9666666667, 796.9833333333], "16": [536.7166666667, 4.45, 5.0, 6.0166666667, 6.2, 5.7333333333, 5.0, 5.0, 5.0, 2.9, 3.0, 3.0, 2.8, 2.75, 3.0, 2.85, 2.6, 604.7666666667, 237.025, 280.5166666667, 594.7583333333, 276.9416666667, 588.1833333333, 855.65, 233.1333333333, 638.8666666667, 168.5, 823.3333333333, 329.9166666667, 295.9333333333, 442.9333333333], "17": [3.0, 2.15, 5.0, 6.4666666667, 5.85, 5.9, 5.0, 5.0, 5.0, 3.2833333333, 1.7, 3.0, 3.0, 3.0, 2.35, 1.1, 0.0, 90.25, 295.9916666667, 168.45, 341.3416666667, 581.25, 352.9833333333, 659.2666666667, 221.8333333333, 338.0, 540.7166666667, 466.3833333333, 1195.7166666667, 750.9666666667, 789.4666666667], "18": [3.0, 2.15, 5.0, 5.0, 6.0, 5.4833333333, 5.0, 5.0, 5.0, 3.0, 2.75, 3.0, 3.0, 2.6, 1.9, 2.6, 2.15, 543.7083333333, 118.75, 452.1916666667, 120.6, 346.6583333333, 302.4, 344.1666666667, 618.8166666667, 186.4, 428.8333333333, 622.6833333333, 1185.1333333333, 575.1, 660.0333333333], "19": [8.9, 2.8333333333, 5.1333333333, 5.1166666667, 5.9333333333, 5.0, 5.0, 5.0, 5.0, 3.0, 3.0, 3.0, 3.0, 3.0, 2.95, 3.0, 3.0, 327.1833333333, 169.1166666667, 500.6, 203.575, 440.1083333333, 598.8666666667, 361.8, 522.45, 405.3166666667, 419.8666666667, 309.45, 664.25, 216.0833333333, 302.75], "20": [0.6, 3.1333333333, 5.5, 5.9, 6.0, 5.1166666667, 5.0, 5.0, 5.0, 3.0, 3.2, 3.0, 3.0, 3.0, 1.85, 2.45, 2.1, 764.5583333333, 179.5, 325.8583333333, 155.0166666667, 454.6583333333, 286.7833333333, 581.8333333333, 274.3, 904.3666666667, 491.8333333333, 269.9333333333, 1072.7166666667, 646.3, 712.3], "21": [2.95, 3.0, 5.8666666667, 6.0, 5.8833333333, 5.8166666667, 5.0, 5.0, 5.0, 3.5166666667, 3.0, 3.0, 2.6, 3.0, 3.0, 3.3, 2.65, 79.2166666667, 249.8833333333, 241.7583333333, 219.7416666667, 269.6916666667, 423.2833333333, 574.6833333333, 293.0833333333, 69.3, 133.5833333333, 413.5666666667, 477.3333333333, 289.8833333333, 290.1833333333], "22": [3.0, 4.5666666667, 6.0, 5.9333333333, 6.3, 5.7666666667, 5.0, 5.0, 5.0, 2.95, 3.0, 3.0, 2.95, 3.0, 3.0, 3.0, 3.0, 216.2833333333, 165.5916666667, 188.4416666667, 74.1833333333, 284.1583333333, 562.3666666667, 452.4, 109.45, 477.6166666667, 703.4666666667, 296.8666666667, 426.0166666667, 964.4, 776.7], "23": [3.9, 3.7666666667, 6.35, 5.7666666667, 9.05, 17.7166666667, 5.0, 5.0, 5.0, 3.0, 3.0, 3.0, 3.0, 3.0, 3.0, 3.0, 3.0, 565.1333333333, 110.5916666667, 454.6333333333, 395.3416666667, 297.1416666667, 1000.1, 489.0666666667, 836.7166666667, 1062.55, 754.2, 536.35, 591.1833333333, 490.1666666667, 649.7333333333]}}