{"file": "control_5", "boxplot_data": {"00": [5.0, 3.0, 3.0, 3.0, 3.0, 6.2666666667, 4.35, 4.9416666667, 9.75, 11.6166666667, 7.35, 21.5666666667, 16.3666666667, 321.2833333333, 25.3666666667, 212.6833333333, 18.7833333333, 0.3166666667, 9.65, 0.0, 0.1, 2.95, 3.0, 3.0, 3.0, 5.0, 0.0, 3.0], "01": [5.0, 3.0, 3.0, 3.0, 3.0, 6.5666666667, 5.6833333333, 1.85, 7.95, 0.7583333333, 3.9166666667, 0.8166666667, 5.3666666667, 16.5, 5.4333333333, 0.1833333333, 7.45, 8.65, 27.1666666667, 0.0, 1.9, 3.0, 3.4666666667, 3.0, 3.0, 5.0, 0.05, 3.0], "02": [5.0, 3.0, 3.0, 3.0, 3.0, 12.6166666667, 5.4333333333, 2.9166666667, 7.65, 6.775, 6.0166666667, 12.4666666667, 1.1333333333, 45.6666666667, 13.8833333333, 2.4833333333, 13.35, 21.4166666667, 24.4333333333, 0.0, 3.0, 3.0, 3.0, 3.0, 3.0, 5.0, 2.35, 4.7666666667], "03": [5.0, 3.0, 3.0, 3.0, 3.0, 4.925, 5.2583333333, 3.2833333333, 13.8583333333, 6.9166666667, 20.0666666667, 2.7166666667, 0.25, 3.0, 7.7166666667, 2.1, 0.7833333333, 10.3166666667, 7.7666666667, 0.0, 3.0, 3.0, 3.0, 4.6666666667, 4.4, 5.0, 3.0, 5.0], "04": [4.9666666667, 3.0, 3.0, 3.0, 3.0, 6.9083333333, 3.7666666667, 6.0666666667, 2.6166666667, 6.775, 13.0666666667, 18.5666666667, 15.9166666667, 4.0333333333, 7.0666666667, 25.85, 7.6166666667, 62.65, 34.9666666667, 0.3, 3.0, 3.1666666667, 3.0, 5.0, 5.0, 5.0, 3.0, 5.0], "05": [3.7333333333, 3.0, 3.0, 3.0, 3.0, 54.8916666667, 34.65, 14.3833333333, 15.5083333333, 6.7, 42.9666666667, 42.35, 31.8, 15.4666666667, 20.9833333333, 43.0, 9.5666666667, 12.1833333333, 9.95, 2.5, 2.7, 2.2, 3.0, 5.0, 5.0, 3.8333333333, 3.0, 5.0], "06": [3.0, 3.0, 3.0, 3.0, 3.0, 356.175, 380.4833333333, 2.2583333333, 5.2166666667, 15.4416666667, 726.1833333333, 621.4166666667, 579.1166666667, 3.0, 2.6, 2.5666666667, 66.1, 641.9833333333, 8.0833333333, 3.0, 0.75, 3.0, 3.0, 5.0, 5.0, 3.7666666667, 3.0, 5.0], "07": [3.0, 3.0, 3.0, 3.0, 3.0, 309.675, 210.5333333333, 58.0166666667, 8.825, 313.0833333333, 386.7, 557.7833333333, 588.1333333333, 444.3833333333, 4.55, 110.6333333333, 692.4, 561.2, 461.6166666667, 3.0, 3.0333333333, 3.0, 4.8, 5.0, 5.0, 307.0166666667, 3.0, 4.1333333333], "08": [3.0, 3.0, 3.0, 3.0, 3.0, 218.2583333333, 241.2916666667, 329.175, 56.0666666667, 438.1290322581, 418.9333333333, 331.6666666667, 305.2666666667, 723.5, 57.15, 3.8333333333, 900.9333333333, 699.4166666667, 414.8166666667, 3.0, 3.0, 3.0, 5.0, 5.0, 5.0, 51.3166666667, 3.0, 3.0], "09": [3.4, 3.0, 3.0, 3.0, 3.1, 186.6166666667, 262.3, 378.9833333333, 331.75, 930.7833333333, 621.6, 263.7833333333, 499.9333333333, 772.9333333333, 773.3333333333, 10.4333333333, 289.7166666667, 765.0, 188.7333333333, 3.0, 1.0, 3.0, 5.0, 5.0, 5.0, 4.1166666667, 3.0, 3.0], "10": [3.8, 4.0, 3.0, 3.0, 3.9, 263.2166666667, 270.7166666667, 457.6583333333, 426.725, 335.5, 341.6166666667, 486.3833333333, 512.4333333333, 586.1666666667, 629.15, 457.6333333333, 276.8166666667, 331.75, 0.0, 1.45, 2.6, 2.95, 5.0, 4.6, 5.0, 17.1833333333, 3.0, 3.8666666667], "11": [5.0, 3.0, 3.0, 3.3666666667, 5.0, 226.7, 413.975, 269.9416666667, 97.85, 634.3166666667, 569.2333333333, 431.1666666667, 383.0666666667, 567.45, 398.35, 152.0666666667, 413.3166666667, 606.0, 0.0, 0.0, 3.0, 2.35, 3.4666666667, 3.0, 5.0, 11.4666666667, 0.75, 3.0], "12": [5.0, 3.0, 3.0, 4.8, 5.0, 196.2, 246.0166666667, 246.85, 185.275, 907.7666666667, 607.2166666667, 449.0666666667, 378.4833333333, 711.9, 866.15, 82.1333333333, 848.8666666667, 548.6166666667, 0.0, 0.0, 2.9, 3.0, 3.0, 3.0, 5.0, 2.35, 3.0, 2.95], "13": [5.0, 2.1, 3.0, 3.0, 35.2666666667, 232.5, 312.3333333333, 176.6333333333, 238.1583333333, 743.4166666667, 362.1833333333, 312.3333333333, 390.1833333333, 736.8, 760.45, 473.1, 499.0833333333, 695.1333333333, 0.0, 1.1166666667, 1.1, 3.0, 3.1833333333, 3.0333333333, 5.0, 0.15, 1.15, 0.5], "14": [5.0, 1.45, 3.0, 3.0, 22.2833333333, 202.1, 365.3083333333, 161.3166666667, 256.2666666667, 382.1333333333, 473.2833333333, 377.0166666667, 307.0666666667, 338.25, 672.5, 212.0333333333, 278.6833333333, 818.35, 6.4, 0.2333333333, 0.0, 3.0, 3.0, 4.8333333333, 5.0, 0.0, 0.0, 3.0], "15": [4.9333333333, 2.9, 3.0, 4.1333333333, 213.1166666667, 217.6583333333, 330.5083333333, 118.8083333333, 154.825, 545.8666666667, 412.6, 583.5, 536.0666666667, 738.4833333333, 309.8333333333, 664.6833333333, 135.7333333333, 505.0, 0.0, 0.8833333333, 0.0, 3.0, 3.0, 3.0, 5.0, 0.0, 0.0, 3.0], "16": [3.5333333333, 3.0, 3.0, 5.0, 223.6583333333, 181.35, 171.675, 134.5416666667, 201.65, 408.9, 348.5333333333, 305.7833333333, 365.9166666667, 415.3666666667, 821.0, 263.9666666667, 214.45, 444.05, 0.0, 0.05, 0.0, 3.0, 3.0, 3.0, 5.0, 0.85, 0.0, 3.0], "17": [3.0, 4.0333333333, 3.0, 3.2, 494.35, 259.0916666667, 191.6666666667, 192.4833333333, 53.525, 226.5666666667, 506.8333333333, 491.5833333333, 712.95, 77.6, 766.7833333333, 575.25, 124.7333333333, 187.6666666667, 0.0, 0.0, 0.05, 3.0, 3.0, 3.0, 5.0, 0.0, 0.25, 3.0], "18": [3.0, 5.0, 3.0, 3.0, 211.9833333333, 97.55, 315.375, 147.8833333333, 102.2333333333, 601.1333333333, 770.3, 844.8833333333, 719.5833333333, 393.1666666667, 717.5666666667, 737.1166666667, 204.5166666667, 433.2833333333, 0.0, 0.0, 0.8666666667, 3.15, 3.6333333333, 3.0, 7.0666666667, 0.2, 3.0, 1.9], "19": [3.0, 4.4, 3.0, 3.0, 189.5166666667, 340.9583333333, 125.1333333333, 225.1333333333, 133.7833333333, 312.6666666667, 354.8, 415.2166666667, 215.15, 313.8666666667, 194.5333333333, 708.3333333333, 193.15, 449.3833333333, 0.0, 0.1, 0.3833333333, 3.0, 4.1666666667, 3.0833333333, 5.0, 1.5, 0.7, 3.0], "20": [3.0, 3.0, 3.0, 3.0, 438.825, 440.575, 153.4166666667, 133.775, 307.4833333333, 231.8333333333, 517.0166666667, 551.5666666667, 346.2333333333, 232.9833333333, 337.7333333333, 171.3333333333, 174.1333333333, 299.3333333333, 0.0, 0.0, 0.1833333333, 3.0, 3.0, 3.0, 3.7, 2.8, 3.0, 3.0], "21": [3.0, 3.0, 3.0, 3.0, 152.35, 139.9583333333, 147.7166666667, 57.85, 279.9666666667, 145.4666666667, 406.7166666667, 649.7, 330.0666666667, 129.9333333333, 175.9833333333, 635.3666666667, 404.0666666667, 160.5166666667, 0.0, 0.7666666667, 0.0833333333, 3.0, 3.4666666667, 3.0, 3.0, 1.9, 3.0, 3.1333333333], "22": [3.0, 3.0, 3.0, 3.0, 136.4, 208.6, 36.125, 135.8083333333, 126.0166666667, 219.8333333333, 217.9166666667, 244.4666666667, 258.35, 183.0166666667, 324.95, 28.3, 390.0833333333, 164.6333333333, 0.0, 0.0, 0.15, 3.0, 3.0, 3.0, 3.0333333333, 1.6, 3.0, 5.0], "23": [3.0, 3.0, 3.0, 3.0, 3.6416666667, 8.025, 158.2, 0.0666666667, 34.2, 12.1, 36.1333333333, 33.0166666667, 350.7166666667, 3.0666666667, 291.2166666667, 18.1333333333, 160.9333333333, 255.45, 0.55, 0.0, 1.75, 3.0, 3.0, 3.0, 3.1333333333, 0.2, 3.0, 5.0]}}