{"file": "control_4", "boxplot_data": {"00": [22.9333333333, 17.2, 128.3333333333, 519.85, 336.6166666667, 447.9, 12.8666666667, 37.9, 31.7, 117.6166666667, 3.0, 5.7, 3.0, 3.0, 2.95, 0.0, 0.0, 3.65, 5.4, 12.2833333333, 182.7166666667, 15.8833333333], "01": [13.5833333333, 48.55, 78.8333333333, 195.8166666667, 8.35, 598.5333333333, 11.1666666667, 29.0833333333, 13.7666666667, 71.8833333333, 3.0833333333, 4.7333333333, 3.0, 3.0, 3.0, 0.0, 0.0, 3.0, 22.45, 30.0666666667, 15.8666666667, 13.7166666667], "02": [18.0833333333, 14.4666666667, 11.6666666667, 133.3333333333, 8.4333333333, 51.05, 34.35, 30.9833333333, 24.05, 12.65, 2.55, 4.6666666667, 3.0, 3.0, 3.0, 0.0, 0.0, 3.0, 101.25, 9.2, 26.3166666667, 24.1666666667], "03": [7.4666666667, 17.55, 24.1333333333, 27.5666666667, 21.7, 8.1333333333, 7.2666666667, 7.05, 19.0166666667, 20.6666666667, 0.5, 3.0, 3.0, 3.0, 3.0, 0.0, 0.0, 3.0, 18.3, 21.8833333333, 11.3833333333, 53.4], "04": [6.2333333333, 57.5833333333, 9.5, 19.2666666667, 8.7, 12.9, 19.9, 27.6, 28.5166666667, 44.0, 0.2, 3.0, 3.0, 3.0, 2.95, 0.0, 0.0, 3.0, 9.8666666667, 32.1833333333, 8.3166666667, 7.9], "05": [38.9333333333, 56.4333333333, 24.4333333333, 61.7666666667, 17.2833333333, 19.65, 15.2666666667, 8.3, 28.6166666667, 16.5666666667, 0.15, 3.0, 3.0, 2.05, 3.0, 0.0, 0.05, 4.5666666667, 30.0666666667, 19.1333333333, 12.9166666667, 82.7], "06": [12.0, 12.9833333333, 8.4666666667, 28.5833333333, 9.7833333333, 8.2666666667, 12.1666666667, 36.75, 4.7666666667, 59.6666666667, 0.0, 3.0, 3.0, 0.7, 2.85, 0.0, 0.1, 5.0, 33.8833333333, 8.2333333333, 20.1333333333, 15.5], "07": [22.0333333333, 12.8833333333, 21.6833333333, 10.1833333333, 10.6166666667, 13.2833333333, 17.8333333333, 5.2, 18.7833333333, 25.4833333333, 0.1, 4.5666666667, 3.0, 0.6, 2.85, 0.4, 0.15, 70.5, 7.55, 15.6666666667, 10.05, 15.1833333333], "08": [18.0166666667, 18.1833333333, 8.1833333333, 51.6, 165.5166666667, 18.55, 13.05, 24.1166666667, 18.7833333333, 15.2833333333, 0.3, 5.0833333333, 3.0, 0.35, 2.95, 14.35, 0.3333333333, 36.0666666667, 13.7, 16.4833333333, 22.15, 9.7166666667], "09": [23.1, 20.8666666667, 62.5166666667, 278.9333333333, 521.0666666667, 271.55, 21.7166666667, 40.1666666667, 68.6166666667, 23.0, 1.45, 5.1666666667, 3.0, 0.05, 3.0, 0.0, 21.05, 2.75, 16.7, 12.2666666667, 44.2666666667, 22.0], "10": [10.2666666667, 54.3666666667, 608.95, 614.85, 802.2166666667, 115.9, 2.8, 143.8333333333, 354.5333333333, 19.5333333333, 2.15, 5.0166666667, 3.0, 0.3, 3.0, 0.0, 1.9, 80.8833333333, 352.0666666667, 255.2333333333, 57.4, 43.3166666667], "11": [277.4, 860.6666666667, 507.4166666667, 222.8, 191.6166666667, 450.4833333333, 142.95, 604.6333333333, 305.3166666667, 351.4166666667, 2.95, 5.1166666667, 3.0, 1.0166666667, 3.0, 1.0666666667, 1.05, 44.1333333333, 399.6333333333, 679.0333333333, 610.8833333333, 758.1333333333], "12": [445.55, 234.3166666667, 292.7333333333, 244.25, 203.7333333333, 99.8, 741.15, 291.8666666667, 134.55, 48.1, 3.0, 6.85, 3.0333333333, 2.85, 6.7333333333, 0.0, 0.05, 446.7166666667, 155.2333333333, 664.6333333333, 398.1666666667], "13": [254.6666666667, 152.6333333333, 406.4166666667, 499.7333333333, 203.6333333333, 720.7166666667, 280.65, 167.0833333333, 252.9, 329.6166666667, 3.0, 4.0666666667, 3.0, 2.75, 216.0, 0.05, 0.0, 213.2333333333, 254.1166666667, 705.6166666667, 811.1], "14": [155.1, 246.05, 360.8333333333, 449.6333333333, 1150.4333333333, 220.8, 467.5833333333, 320.9833333333, 341.1166666667, 523.55, 3.0, 6.8, 3.0, 3.0, 408.9666666667, 0.0, 0.0, 409.6333333333, 396.45, 316.15, 538.2666666667], "15": [226.5666666667, 244.25, 318.6833333333, 420.8166666667, 751.9333333333, 455.7666666667, 151.4166666667, 245.8666666667, 544.5, 772.4666666667, 3.0, 3.0, 3.5666666667, 3.0, 300.1166666667, 0.1166666667, 2.3, 558.05, 241.9166666667, 755.2333333333, 252.9833333333, 573.1166666667], "16": [116.4666666667, 490.05, 368.6833333333, 290.6166666667, 396.7333333333, 132.2666666667, 1018.5666666667, 463.1166666667, 177.4833333333, 191.7166666667, 3.0, 3.0, 3.0, 3.0, 118.6333333333, 0.0, 0.2, 509.7333333333, 313.35, 697.2666666667, 729.1666666667, 184.6166666667], "17": [221.7833333333, 104.4333333333, 331.3, 373.0666666667, 315.0333333333, 107.3166666667, 300.2666666667, 551.3333333333, 224.65, 1.8, 3.0833333333, 3.0, 3.0, 3.0, 0.3166666667, 0.0, 22.0833333333, 398.0166666667, 168.6, 75.5, 237.5833333333, 260.0], "18": [161.0166666667, 163.6333333333, 315.55, 254.6333333333, 202.3, 320.2666666667, 307.9, 373.0666666667, 241.4333333333, 5.2166666667, 3.0, 3.0, 3.0, 3.0, 1.4333333333, 0.0, 24.8833333333, 480.9833333333, 83.55, 141.2333333333, 276.85, 426.2666666667], "19": [99.8833333333, 199.6333333333, 450.6666666667, 198.1, 214.2333333333, 246.65, 335.5333333333, 199.75, 160.0666666667, 3.0, 3.0, 3.0, 3.0, 3.1666666667, 0.0, 0.0, 23.0, 277.3, 224.2333333333, 334.45, 382.7, 145.2833333333], "20": [497.2666666667, 126.9166666667, 148.8, 337.6833333333, 201.6, 156.3666666667, 220.5166666667, 186.55, 210.5, 3.0, 3.0, 7.6666666667, 3.0, 2.95, 0.0, 0.0, 4.5333333333, 440.1166666667, 440.4166666667, 246.6166666667, 337.2166666667, 119.0833333333], "21": [218.4833333333, 130.2666666667, 152.5833333333, 284.6666666667, 546.9666666667, 332.7, 112.8166666667, 240.0666666667, 179.1833333333, 3.0, 3.0, 3.0, 3.0, 3.0, 0.0, 0.0, 3.0, 1070.4666666667, 397.85, 198.8666666667, 273.5666666667, 197.8166666667], "22": [121.5333333333, 70.45, 437.7, 281.05, 167.6833333333, 12.7166666667, 328.9, 94.9166666667, 161.45, 18.0333333333, 3.0, 3.0, 3.0, 3.0, 0.0, 0.0, 3.0, 548.8166666667, 278.5833333333, 396.9833333333, 66.1, 379.9666666667], "23": [316.85, 271.4666666667, 175.2666666667, 484.8833333333, 257.1666666667, 22.9, 370.45, 356.2, 372.3166666667, 3.0, 3.0, 3.0, 3.0, 2.65, 0.0, 0.0, 3.0666666667, 410.3666666667, 36.1166666667, 145.75, 314.4833333333, 108.7166666667]}}