{"file": "control_20", "boxplot_data": {"00": [23.05, 25.3333333333, 5.8333333333, 14.6166666667, 13.6166666667, 7.4166666667, 18.3166666667, 23.9, 5.7666666667, 11.65, 0.0, 0.0, 0.0, 0.0, 0.0, 3.0, 3.0, 2.95, 13.3666666667, 9.9833333333, 19.25, 99.7333333333], "01": [21.8, 42.2333333333, 12.2666666667, 14.7, 6.8, 10.15, 7.1833333333, 35.8666666667, 3.9666666667, 11.0833333333, 0.0, 0.0, 0.0, 0.0, 0.0, 3.0, 3.0, 2.8, 11.4666666667, 8.7833333333, 3.1833333333, 5.6], "02": [26.3666666667, 12.5333333333, 14.2, 9.15, 5.85, 174.0333333333, 29.05, 5.0333333333, 8.8, 8.0833333333, 0.0, 0.0, 0.0, 0.0, 0.0, 3.0, 3.0, 3.0, 7.1833333333, 5.75, 5.5333333333, 2.1], "03": [20.9666666667, 9.5666666667, 6.9166666667, 5.3, 23.1833333333, 5.4, 131.2666666667, 5.15, 44.8833333333, 28.25, 0.0, 0.0, 0.2, 0.0, 0.0, 3.0, 3.0, 3.0, 16.1833333333, 4.6333333333, 8.1, 17.05], "04": [5.55, 10.8666666667, 15.6, 30.3166666667, 9.4, 64.3666666667, 3.8666666667, 11.1666666667, 6.8166666667, 17.55, 0.0, 0.0, 0.8, 0.0, 0.0, 3.0, 3.0, 3.0, 4.7666666667, 7.4, 6.8666666667, 24.3166666667], "05": [14.3, 12.3333333333, 20.6166666667, 14.2166666667, 3.7833333333, 4.6, 18.45, 13.9666666667, 40.4666666667, 33.7666666667, 0.0, 0.0, 1.3, 0.0, 0.0, 3.0, 3.0, 3.0, 7.9833333333, 39.8833333333, 32.1166666667, 6.65], "06": [18.85, 405.6, 398.6, 424.9, 443.4, 68.85, 247.9, 103.95, 632.7833333333, 408.15, 0.0, 0.0, 1.9, 0.0, 0.1, 3.0, 3.0, 3.0, 310.0, 386.45, 272.05, 242.4], "07": [314.65, 961.7166666667, 849.4833333333, 927.3166666667, 695.25, 487.5333333333, 570.95, 216.0, 1047.9833333333, 831.45, 0.0, 0.0, 5.7166666667, 0.0, 0.15, 3.0, 3.0, 10.2, 963.1, 1003.7333333333, 569.15, 341.0666666667], "08": [532.2833333333, 642.6666666667, 550.8833333333, 371.1, 449.9166666667, 440.2, 452.6333333333, 319.6166666667, 493.95, 351.0166666667, 0.0, 0.0, 2.35, 0.05, 1.1, 3.0, 3.0, 277.0666666667, 492.7, 357.65, 387.8, 529.0166666667], "09": [608.0, 456.8333333333, 390.3333333333, 428.25, 695.9333333333, 121.35, 258.85, 691.7833333333, 481.3, 151.3166666667, 0.0, 0.0, 3.0, 0.05, 1.95, 3.0, 12.6666666667, 1.7, 4.3666666667, 431.1333333333, 679.4833333333, 369.5666666667, 655.25], "10": [661.4833333333, 740.5333333333, 520.8166666667, 588.0666666667, 611.2833333333, 422.3166666667, 577.8666666667, 428.4333333333, 507.0166666667, 75.5, 2.5166666667, 0.0, 3.0, 0.0, 2.5, 3.0, 48.8666666667, 1.7, 91.9, 227.8333333333, 652.65, 498.9333333333, 723.8], "11": [815.4666666667, 327.15, 527.8666666667, 663.45, 518.7833333333, 689.5833333333, 493.6833333333, 595.5833333333, 712.3833333333, 0.0, 0.0, 0.0, 3.0, 0.05, 2.15, 3.0, 3.0, 0.1, 513.85, 244.9, 357.1333333333, 1223.6666666667, 652.95], "12": [728.7333333333, 607.0333333333, 280.0333333333, 681.5833333333, 479.4166666667, 645.6, 595.9666666667, 665.0333333333, 659.1166666667, 0.0, 0.0, 0.0, 3.0, 0.0, 0.0, 3.0, 3.0, 3.3870967742, 294.1166666667, 329.3333333333, 395.7, 902.95, 625.0333333333], "13": [814.7333333333, 625.35, 501.0, 487.0, 320.5833333333, 460.8166666667, 384.65, 337.6833333333, 643.3666666667, 0.0, 0.0, 5.3833333333, 3.0, 0.05, 0.0, 3.0, 3.0, 435.7333333333, 487.2333333333, 457.0833333333, 838.7666666667, 868.75], "14": [1010.95, 643.8333333333, 564.5833333333, 338.25, 302.1833333333, 222.9, 78.85, 627.05, 603.65, 0.0, 0.15, 0.0, 3.0, 0.05, 0.0, 3.0, 3.0, 810.1666666667, 652.05, 616.2166666667, 538.8833333333, 656.7], "15": [643.55, 1030.1166666667, 746.9833333333, 746.0666666667, 618.3, 844.85, 368.1833333333, 600.7666666667, 866.75, 0.0, 0.0, 0.0, 3.0, 0.2, 0.0, 3.0, 38.7, 540.05, 1115.0166666667, 1173.9666666667, 901.6166666667, 878.2333333333], "16": [571.6166666667, 592.6833333333, 469.1833333333, 526.2, 406.0, 718.6166666667, 525.8666666667, 779.0333333333, 554.6333333333, 0.0, 0.0, 0.0, 3.0, 0.0, 0.05, 3.0, 91.45, 700.7333333333, 616.4333333333, 481.9166666667, 273.1166666667, 625.1333333333], "17": [534.2166666667, 896.5166666667, 550.1, 1667.8333333333, 338.65, 995.4, 615.7333333333, 794.45, 1052.9833333333, 0.0, 0.0, 0.0, 3.0, 0.0, 0.15, 3.0, 0.5833333333, 577.0666666667, 621.75, 474.5666666667, 251.1833333333, 475.8666666667], "18": [851.3166666667, 691.5333333333, 578.15, 1817.2, 556.85, 382.3, 395.35, 487.0666666667, 553.0833333333, 0.0, 0.0, 0.0, 3.0, 0.0, 0.65, 3.0, 2.7, 416.9166666667, 510.9166666667, 466.9333333333, 431.3166666667, 772.4666666667], "19": [760.1, 334.95, 542.5833333333, 436.0333333333, 544.0666666667, 603.1666666667, 469.9, 305.9833333333, 610.45, 0.0, 0.0, 0.0, 3.0, 0.0, 1.35, 3.0, 3.0, 503.1333333333, 608.9166666667, 389.65, 594.25, 379.4666666667], "20": [612.0333333333, 221.8, 214.05, 201.0666666667, 185.7166666667, 403.5, 387.9333333333, 318.4333333333, 191.7833333333, 0.0, 0.0, 0.0, 1.7, 0.0, 2.1, 3.0, 3.0, 309.6, 594.4166666667, 192.8166666667, 341.9166666667, 535.8333333333], "21": [253.0, 356.0166666667, 306.1666666667, 468.8, 133.95, 251.4333333333, 94.9, 186.15, 354.2, 0.0, 0.0, 0.0, 0.0, 0.0, 2.95, 3.0, 3.0166666667, 279.5333333333, 203.3333333333, 184.2666666667, 34.2, 128.9666666667], "22": [170.75, 24.7833333333, 179.1333333333, 2.3333333333, 6.2333333333, 54.9833333333, 23.8666666667, 8.8166666667, 10.75, 0.0, 0.0, 0.0, 0.0, 0.0, 3.0, 3.0, 5.1166666667, 1.8, 2.9166666667, 240.7333333333, 129.3666666667, 7.8], "23": [17.55, 5.6166666667, 13.5333333333, 36.4833333333, 8.85, 66.2166666667, 20.6333333333, 3.6333333333, 13.3666666667, 0.0, 0.0, 0.0, 0.25, 0.0, 3.0, 3.0, 29.3166666667, 12.9666666667, 1.0666666667, 265.7666666667, 18.8333333333, 4.0833333333]}}